source,target,attributes
UCMSWPqzXjd7QHq7v8PJjQ,leMOR7VSm5z-0r60iJ90EA,"{'review_id': 'Xh0ZnldbRW4PaTgN4lgHIg', 'stars': 5}"
UCMSWPqzXjd7QHq7v8PJjQ,YCDZfgCTE1qSby-NEVqyMg,"{'review_id': 'DgVNo0DjyFt7fUNtcyYTow', 'stars': 5}"
UCMSWPqzXjd7QHq7v8PJjQ,1CYe3tlYmSZmQ88De5oy4A,"{'review_id': 'mPU2UDiNU_r6Tq_YmdOGjQ', 'stars': 5}"
UCMSWPqzXjd7QHq7v8PJjQ,fg_b694eTkILTY25e6hzYw,"{'review_id': 'Jfb0VWiYi4W_UkT3bQ0DQg', 'stars': 3}"
UCMSWPqzXjd7QHq7v8PJjQ,JjS8bo5WVtujV39N_RTuuA,"{'review_id': 'FtrIWLWBeQir-NvP8zxXyA', 'stars': 5}"
UCMSWPqzXjd7QHq7v8PJjQ,fAR5rwcF6jOpZIHzzJCsGw,"{'review_id': 'RbSw7Dn6-iwGH-UGeORLGA', 'stars': 5}"
UCMSWPqzXjd7QHq7v8PJjQ,e1N-ogRFubZAon5nO27New,"{'review_id': 'e_eXOgG6KRbvS8NlXrU6cg', 'stars': 5}"
UCMSWPqzXjd7QHq7v8PJjQ,vpLH_-4HElvpfGBVtHaQrw,"{'review_id': '7azfVxiL1w0y345342EmSQ', 'stars': 5}"
UCMSWPqzXjd7QHq7v8PJjQ,R-D_m0sHuc-RBV5d_4xNCw,"{'review_id': 'pl7rZOvDikoIx73oNp_yGw', 'stars': 5}"
UCMSWPqzXjd7QHq7v8PJjQ,dAcD50ahUie1XXM0RxQzWQ,"{'review_id': 'WM_UWzFIaJUg_EVh5iUj0w', 'stars': 5}"
UCMSWPqzXjd7QHq7v8PJjQ,XZc9pY8aMZTWF9zko2qF7Q,"{'review_id': '0-XZHk-ncjLMML6DDdsk3w', 'stars': 4}"
UCMSWPqzXjd7QHq7v8PJjQ,FM0DHU-t1Po22-zWlZMnaw,"{'review_id': 'AJfG_9UCWs5Wb1wh6MaUyA', 'stars': 2}"
UCMSWPqzXjd7QHq7v8PJjQ,B534qw3uEzguScTyMe2Xvg,"{'review_id': '0hfNQhB13rf9HIe_t6UkMw', 'stars': 5}"
UCMSWPqzXjd7QHq7v8PJjQ,iZTdaplsGKBlH6hstY_yFg,"{'review_id': 'zJjpEtqpd87-THXR_WryDg', 'stars': 5}"
UCMSWPqzXjd7QHq7v8PJjQ,IZdsyVJ0q-Xlr14yUhfR-w,"{'review_id': '3QCvBvp7GLb8Irb9LeO7uA', 'stars': 3}"
UCMSWPqzXjd7QHq7v8PJjQ,nq5wPmGbrEyFIgyAELd34w,"{'review_id': 'BhpW2kA4hCcR8ZX0yBXSSg', 'stars': 5}"
UCMSWPqzXjd7QHq7v8PJjQ,LY1fw6YZ6jgA8xcPVIZRPw,"{'review_id': 'LrsXC_rLIfkOgB9696yvhg', 'stars': 3}"
UCMSWPqzXjd7QHq7v8PJjQ,k43FsajY9k7NuSjceMm1jg,"{'review_id': 'vCJXmqItoPVUicCs-w5v1g', 'stars': 5}"
UCMSWPqzXjd7QHq7v8PJjQ,Sm9TrAoWxSS3Fb7rcH7tIg,"{'review_id': 'boD_WfhuNbCvY5QDvV6XLQ', 'stars': 5}"
UCMSWPqzXjd7QHq7v8PJjQ,sbL2EDQpgbkjXy-OvnxE2Q,"{'review_id': 'oj1VQADvmY8GHnvE23L2Ig', 'stars': 5}"
UCMSWPqzXjd7QHq7v8PJjQ,mxYElacBOmx4d2cOAKSs2g,"{'review_id': 'oVuKPWeq1QJ9u43IhXPkow', 'stars': 5}"
UCMSWPqzXjd7QHq7v8PJjQ,owRN91Bim4RBvd_Yj4DsLA,"{'review_id': 'VnhPJASbzRZWb0BR3ch0IQ', 'stars': 5}"
UCMSWPqzXjd7QHq7v8PJjQ,zbaY8nqiXFoAqqXjYSQjbQ,"{'review_id': 'mnYoqX5XgYgvBraums5rJQ', 'stars': 5}"
UCMSWPqzXjd7QHq7v8PJjQ,rqzcmK4ysvFA_sbgYaSmdg,"{'review_id': '_bUyjGDqeJst7nDih6hAHw', 'stars': 5}"
UCMSWPqzXjd7QHq7v8PJjQ,Hg7mONHTGJJBAR2tiSkzPw,"{'review_id': 'eSz8Y3MMkl-hVaLeH26aPA', 'stars': 1}"
UCMSWPqzXjd7QHq7v8PJjQ,fPbkv1VU7G94hrfJE6kKDg,"{'review_id': 'W5zQRd-sjPWDpxi3QM32Rg', 'stars': 4}"
UCMSWPqzXjd7QHq7v8PJjQ,zNVNDhvrhNlzwiFwEpy9ew,"{'review_id': '-P9zd6LJEqO9avrbIOEvFA', 'stars': 5}"
UCMSWPqzXjd7QHq7v8PJjQ,daBm4YSXPzSi-ArR-Nr_Xw,"{'review_id': 'xqaaFpFPuc_Hui8d67ybzw', 'stars': 5}"
UCMSWPqzXjd7QHq7v8PJjQ,egFTwidg9uVcM_90iRYMqQ,"{'review_id': 'j3CpPJrrxyCAYga-Ot0PTA', 'stars': 1}"
UCMSWPqzXjd7QHq7v8PJjQ,UYkr7SSyc6-J-9lrfRytTw,"{'review_id': 'GVKZjcy8masx8XNzAPvTdg', 'stars': 5}"
UCMSWPqzXjd7QHq7v8PJjQ,wNGVC7jLg8LAb1ragQYM2Q,"{'review_id': 'qfdTnq5c0-IWAtvcSeyiAA', 'stars': 3}"
UCMSWPqzXjd7QHq7v8PJjQ,9Y1YkloHk2MAE3hkwYdFKA,"{'review_id': 'b7w1P0htnY-abMBrEu0qtQ', 'stars': 4}"
UCMSWPqzXjd7QHq7v8PJjQ,_LSt8ZGpTUsZAVYZqta7jA,"{'review_id': 'cahVBwcVigdqtWpZnAtYaw', 'stars': 5}"
UCMSWPqzXjd7QHq7v8PJjQ,pgUQjUl_2G5L9EreDzIjSw,"{'review_id': 'rLf-518KWHtM0bh8jEkQeQ', 'stars': 4}"
UCMSWPqzXjd7QHq7v8PJjQ,w_VECoJjsfGUlUFFPjq9Rg,"{'review_id': 'CLiawhedvCpPoRrxcoUn7g', 'stars': 5}"
UCMSWPqzXjd7QHq7v8PJjQ,-4Q5n5AfHKU5GUDEJZwOtQ,"{'review_id': 'Y8XbMacld5if3cuvBm4ufg', 'stars': 5}"
UCMSWPqzXjd7QHq7v8PJjQ,n9KpCXZnIiZrPn3ug2FPPw,"{'review_id': 'L3KkNxjbEnhHbMID5gGJvA', 'stars': 5}"
UCMSWPqzXjd7QHq7v8PJjQ,YY1WcJ14tHRlLx6NYNQVBg,"{'review_id': 'iqQOM8U3kOUTsxv6W5YZNw', 'stars': 5}"
UCMSWPqzXjd7QHq7v8PJjQ,Ld0BvBjyABEa7i-u8mNDDw,"{'review_id': 'r6CffFTNyFsh39RJg52ePw', 'stars': 1}"
UCMSWPqzXjd7QHq7v8PJjQ,TW5Yda5zYcO4d4D6F34VoA,"{'review_id': 'XvWnyvnWV7D5QWoKPE0zXw', 'stars': 5}"
UCMSWPqzXjd7QHq7v8PJjQ,yrT50M03JWYMjpZhn7yldA,"{'review_id': 'tpSGyU_2faujIHL5O0-2GA', 'stars': 5}"
UCMSWPqzXjd7QHq7v8PJjQ,W75NJSMCF1p3zZ-HtXV10w,"{'review_id': 'jgSMRjaudBDitAWs5MTxVg', 'stars': 5}"
UCMSWPqzXjd7QHq7v8PJjQ,heFuQy6LkbO8aBI07UJZKQ,"{'review_id': '6I-z2iKoGZ2E_bkBoxuFrA', 'stars': 5}"
UCMSWPqzXjd7QHq7v8PJjQ,g8YIYOEeasBbwaR2RanSLA,"{'review_id': 'wz8C_kACP2dwPd-cTJCXMg', 'stars': 5}"
UCMSWPqzXjd7QHq7v8PJjQ,de81U9sDtCDmGszxOOq0AQ,"{'review_id': 'sMTB1Ggs-GRpTPG2nOxIqA', 'stars': 5}"
UCMSWPqzXjd7QHq7v8PJjQ,kNtMJMOCTuznaX-Mur4TQQ,"{'review_id': '9bdRJokGSaNhdEmW6Aikqg', 'stars': 5}"
UCMSWPqzXjd7QHq7v8PJjQ,KHtW4zXUzVGWhwStGAHn_w,"{'review_id': 'CxoV_jyaS2KOiUrf7G1GyA', 'stars': 5}"
UCMSWPqzXjd7QHq7v8PJjQ,qqxxzPmS9Q6W9yoZ9gzOrg,"{'review_id': 'zf32j1PBIrJua_lPO0XWyQ', 'stars': 5}"
UCMSWPqzXjd7QHq7v8PJjQ,XDmE8qlypJQ0CMpqop5jMg,"{'review_id': 'RhN-CYKz4aZm6VZlVtlMWA', 'stars': 1}"
UCMSWPqzXjd7QHq7v8PJjQ,SVloZriOxU1Ig6RWOhZ2kA,"{'review_id': 'VgkIilHzHJ2BF9zhZRYh4A', 'stars': 4}"
UCMSWPqzXjd7QHq7v8PJjQ,cE1tt4X6yzEVkrD6d7KE5g,"{'review_id': 'Cts9ZhX-ZyEoGrBVYyUYJA', 'stars': 5}"
UCMSWPqzXjd7QHq7v8PJjQ,tW1WOkItxVyqXVitc4l7ag,"{'review_id': 'ZaoWPH9hhhSykRmZsr8eaw', 'stars': 5}"
UCMSWPqzXjd7QHq7v8PJjQ,tjsHoSYrXYthwX3mLwd-uw,"{'review_id': '7bnDMsJ9F8afBYtxbIHeFQ', 'stars': 1}"
UCMSWPqzXjd7QHq7v8PJjQ,TbmCrPDTAIpyHxUCjHFtkg,"{'review_id': 'oPG1Hj3S2P4dNtEf_nYbHA', 'stars': 4}"
UCMSWPqzXjd7QHq7v8PJjQ,ta7P_6CF1y2PsJZu2chdeg,"{'review_id': 'NyGAX2XGSoMaS8JukTvzHg', 'stars': 3}"
UCMSWPqzXjd7QHq7v8PJjQ,4PYfRKB2_shulKeN0RFUZg,"{'review_id': 'Hd88OP3cjTcVwPpdzJBlYw', 'stars': 5}"
UCMSWPqzXjd7QHq7v8PJjQ,Bm2UDqfo4s3t2GpZZ_GLNw,"{'review_id': 'kGTZeWKz5oBUfK6piqpr5Q', 'stars': 5}"
UCMSWPqzXjd7QHq7v8PJjQ,lLAifGVomWrO9yMSkBicNQ,"{'review_id': 'G0DE9nr5u_u-COH3gwo16Q', 'stars': 4}"
UCMSWPqzXjd7QHq7v8PJjQ,pdK_oJAdoVmNenZQgsVnjg,"{'review_id': 'iZ8ebpVVenMHcjSDX9TRIg', 'stars': 5}"
UCMSWPqzXjd7QHq7v8PJjQ,JWDjBazAGYrQfkHYuyk5FA,"{'review_id': 'EKHb6Ud6lVtpXN61PGFnig', 'stars': 5}"
UCMSWPqzXjd7QHq7v8PJjQ,yHFgRqm6vI-f6BFEd5IzTA,"{'review_id': '9HxXI7KUi1gxpCSxvmTZGg', 'stars': 5}"
UCMSWPqzXjd7QHq7v8PJjQ,ZgXCViZ4_CN0rSmjGjPTvg,"{'review_id': 'ELeQeEPNXgrwOU2yAaO6KQ', 'stars': 5}"
UCMSWPqzXjd7QHq7v8PJjQ,YbbEEBuYknqCZ7l2g6ekPQ,"{'review_id': 'pazpAjsU91R70i2Dp2xGTA', 'stars': 5}"
UCMSWPqzXjd7QHq7v8PJjQ,q67C3gg__MqZeCEbzmnryg,"{'review_id': 'YzmGOCNBWw_xOnTjEAjWXQ', 'stars': 5}"
UCMSWPqzXjd7QHq7v8PJjQ,bFA2UN912Fg-giqf857R5Q,"{'review_id': 'VEgftHZ8rZktyYv5ClT5Sg', 'stars': 4}"
UCMSWPqzXjd7QHq7v8PJjQ,EFxucMR_bcz4f5kZb3Favg,"{'review_id': 'i8oUIeyuApLVS9bEUT4rtQ', 'stars': 5}"
UCMSWPqzXjd7QHq7v8PJjQ,VU-Gr_Y6391lscYDKAcETQ,"{'review_id': 'mGGFz7dmt_weV5LWYzudZg', 'stars': 5}"
UCMSWPqzXjd7QHq7v8PJjQ,yWpCItVaHwUmBOSYHwt1jQ,"{'review_id': 'CCoTe3ChBH-eTPtEDl4bcg', 'stars': 5}"
UCMSWPqzXjd7QHq7v8PJjQ,sIA4bsq1jibGtSM62zKR_A,"{'review_id': 'Pf_9hUQsVzUwkAKEL8WuKA', 'stars': 5}"
UCMSWPqzXjd7QHq7v8PJjQ,yXdPN2pU2NrbZxgxvhYNtQ,"{'review_id': 'PuVfdkT3aZZDbfu8jOHASw', 'stars': 5}"
UCMSWPqzXjd7QHq7v8PJjQ,Ux5FH2Ifi3iHJ6Meg23Kgw,"{'review_id': 'juAQUdvC4vkiphoOhySVrA', 'stars': 5}"
UCMSWPqzXjd7QHq7v8PJjQ,6oVKRlgHs5tkeN5Ci0T8Qw,"{'review_id': 'KuJIwKbaVVZyeKhsmGEwLA', 'stars': 5}"
UCMSWPqzXjd7QHq7v8PJjQ,Zhl_-5aSrDHm90JSdaDJeA,"{'review_id': 'xcmMafSuyNDeRuaXUCiKTw', 'stars': 5}"
UCMSWPqzXjd7QHq7v8PJjQ,ocipy3MDcprCMCHCrqrqAg,"{'review_id': 'CYQ0iHWsdHjEvmz_pFARtA', 'stars': 5}"
UCMSWPqzXjd7QHq7v8PJjQ,mPQzBU8Sj3lKq5t7RM7fdA,"{'review_id': '2JF90fj50qIV3y2nhQ9Gfg', 'stars': 5}"
UCMSWPqzXjd7QHq7v8PJjQ,bFpcjLSL6SRE8soYL0RtnA,"{'review_id': 'vIaQwoB4UJJOglsGJPGa1w', 'stars': 5}"
UCMSWPqzXjd7QHq7v8PJjQ,EmFqrcUCuJTD0Xb1ssV6uA,"{'review_id': 'ZA8Spxpu4qtD63uBDyrbyg', 'stars': 5}"
UCMSWPqzXjd7QHq7v8PJjQ,3MCgJN0fGnywZ-H0ks9xeA,"{'review_id': 'YJcL4VY8QN45mo9cEX-Q9g', 'stars': 5}"
UCMSWPqzXjd7QHq7v8PJjQ,a2DGFEIov1L7X9rKdVmN6A,"{'review_id': 'Wu8G9Bm-jUnJ2Y9Pe2TX-w', 'stars': 3}"
UCMSWPqzXjd7QHq7v8PJjQ,fFhEhb16qI1Yz-pBKYFdXQ,"{'review_id': 'h2FqvxAI9waaEW_OoZTnBg', 'stars': 1}"
UCMSWPqzXjd7QHq7v8PJjQ,7P0sPEe0gX84MhDZ3ukQOg,"{'review_id': 'LmrAt8ALEVgcJ0DMPU29Pg', 'stars': 5}"
UCMSWPqzXjd7QHq7v8PJjQ,uGnJJZJxBOwE4S0Ksofkxw,"{'review_id': '94C5rVnnOBPz1C-yRFG7BQ', 'stars': 5}"
UCMSWPqzXjd7QHq7v8PJjQ,ZG9pcWvyM09S5hDRZMF4yQ,"{'review_id': 'raGTYbS0w8DaufBhWjd7jw', 'stars': 5}"
UCMSWPqzXjd7QHq7v8PJjQ,UhN9RrW19vz7vFWgWVLn_w,"{'review_id': 'pUZ9_HXjeReRiXTiEXNTDA', 'stars': 4}"
UCMSWPqzXjd7QHq7v8PJjQ,nqbC-2X38Bb5I-RyFO1LMg,"{'review_id': 'F24eNx9_4nv1kfRKWQB3LQ', 'stars': 4}"
UCMSWPqzXjd7QHq7v8PJjQ,5L83EA5T56RZHp9nQrg13g,"{'review_id': 'Ryl2X26GOh12TdodMaEU7A', 'stars': 5}"
UCMSWPqzXjd7QHq7v8PJjQ,0SQvyIgOLGEd4jUHx6qnSw,"{'review_id': 'j15L9KbVCRP8pY-1XEC2rw', 'stars': 2}"
UCMSWPqzXjd7QHq7v8PJjQ,DdQoHPbOjD61lC21m0mubw,"{'review_id': 'P6szY_soZu6dgVDDBmU_Kg', 'stars': 1}"
UCMSWPqzXjd7QHq7v8PJjQ,C7dQiaeTjraiwSGts7zmmw,"{'review_id': 'zhLxo3QY5t0S64JbwGxgaw', 'stars': 4}"
UCMSWPqzXjd7QHq7v8PJjQ,dkotr2acFa6cga2it2yRNw,"{'review_id': '74DNLyvtqSDtO-sCVPwVIw', 'stars': 2}"
UCMSWPqzXjd7QHq7v8PJjQ,JlZTL5DeVJ_huGl4h8-RZQ,"{'review_id': '3cBBDJtET4nEEZewTg1__w', 'stars': 5}"
UCMSWPqzXjd7QHq7v8PJjQ,RohcY-43I6jVFxm5A1uWXQ,"{'review_id': 'U_wdJbC_nT3Bl3Cbwj_Y9g', 'stars': 5}"
UCMSWPqzXjd7QHq7v8PJjQ,LSa0gb-dKRtsc3Ru_lML6Q,"{'review_id': 'cPxBlyGwrtGZhhTnZqFnFw', 'stars': 3}"
UCMSWPqzXjd7QHq7v8PJjQ,f8NI0wFzvoo-AnZGYiwmxw,"{'review_id': '4sDWdvnmamW8SMMDVfg0eg', 'stars': 5}"
UCMSWPqzXjd7QHq7v8PJjQ,4VDWeuFD0f6jAeFlZa_UAA,"{'review_id': 'q9GdPV5unQTVt7rwMqmBlg', 'stars': 4}"
UCMSWPqzXjd7QHq7v8PJjQ,FsvZpP9m3RG95EvjDE5JWQ,"{'review_id': 'wqEoS1QLXnWyi9HsdgE73Q', 'stars': 5}"
UCMSWPqzXjd7QHq7v8PJjQ,xUIrdHIAMQbYSf1Mgbbgsg,"{'review_id': 'jIWMJRQFgmTcGzM7ROIQTA', 'stars': 5}"
UCMSWPqzXjd7QHq7v8PJjQ,uAeVmm_x91cmFQzhzGVQvw,"{'review_id': '6wXdO7H75gXkKSWQDB4bCA', 'stars': 5}"
UCMSWPqzXjd7QHq7v8PJjQ,tZ9xJeOk9tH_pj_kCIrQFQ,"{'review_id': '7mJkiV1-zZdsORLHTHSxnQ', 'stars': 5}"
UCMSWPqzXjd7QHq7v8PJjQ,VL2Js_d5cdQJKdFybUWCLw,"{'review_id': 'El8GR_cgw28_9ITn38C4lA', 'stars': 5}"
UCMSWPqzXjd7QHq7v8PJjQ,iOwLHZq6rm19AKaBDXpTpQ,"{'review_id': 'igmQKPdlcGhVydS7Hx0wFQ', 'stars': 5}"
UCMSWPqzXjd7QHq7v8PJjQ,sEOrMVnG9PQY1DG60-iOGw,"{'review_id': 't8FULZPeKJuShAT4kzru_A', 'stars': 5}"
UCMSWPqzXjd7QHq7v8PJjQ,XQOfswKxp9wyxOMtd0nPWw,"{'review_id': 'c4-WFPNcvotIAr4ZstWM_g', 'stars': 5}"
UCMSWPqzXjd7QHq7v8PJjQ,XOgogN2ZRhzzkZxdMPtDMA,"{'review_id': 'KnimA_6XWPYty8du3mNm-A', 'stars': 5}"
UCMSWPqzXjd7QHq7v8PJjQ,BFiyCTmBtn4HjzC1o6zf7g,"{'review_id': 'TsG47PWBkLd3cjWEYerUHw', 'stars': 4}"
UCMSWPqzXjd7QHq7v8PJjQ,kxeBIcRrtG89cZ-D56jJkQ,"{'review_id': '8iJ3TJeUHoVcmkpn_pl3AQ', 'stars': 4}"
UCMSWPqzXjd7QHq7v8PJjQ,Xf5hPJl9P4r9rRAy-NR46g,"{'review_id': 'Oz8E7WQ5JVlrCC6-PGdY8Q', 'stars': 5}"
UCMSWPqzXjd7QHq7v8PJjQ,t8wymCwaOuCSIqol9n0B_Q,"{'review_id': '-aHs-7ZVV28pnJJ0mwi1cg', 'stars': 5}"
UCMSWPqzXjd7QHq7v8PJjQ,79FjW0-1vYG1UsbmpDrQTg,"{'review_id': 'DVfdUaU37DSBexbngdQELg', 'stars': 5}"
UCMSWPqzXjd7QHq7v8PJjQ,kWv_AKQaPpJEHrkVHP0_lg,"{'review_id': 'I7upl45sNZBk7rKdfp5aMA', 'stars': 5}"
UCMSWPqzXjd7QHq7v8PJjQ,tfiamrm-f-js7gB_4xlZtw,"{'review_id': 'aDfq45UIpgp7DBHkOA9RQg', 'stars': 3}"
UCMSWPqzXjd7QHq7v8PJjQ,ofhKO2Wlmr7h5Q5qAUUf1w,"{'review_id': 'IbS3YKQYauvLnLaB5Bit5w', 'stars': 4}"
UCMSWPqzXjd7QHq7v8PJjQ,aaudnDw5cD5sPSYvzLI-8g,"{'review_id': 'kYxRrds2u5SeqAnE9QFJ7Q', 'stars': 1}"
UCMSWPqzXjd7QHq7v8PJjQ,10Y8gFbG7BcUwQ4P9q4zWw,"{'review_id': 'ToZoY_nxGsUxhYIFG3y8cg', 'stars': 5}"
UCMSWPqzXjd7QHq7v8PJjQ,xfImljhxN6NlONPD2rb_HA,"{'review_id': 'oh5f_O_6oDIb3-ziN-RhnA', 'stars': 4}"
UCMSWPqzXjd7QHq7v8PJjQ,g4G8UHHhRkuVj-ZzJ5MTtw,"{'review_id': '_kIJcpy7E3dJOtUDgvwA4g', 'stars': 5}"
UCMSWPqzXjd7QHq7v8PJjQ,SfY5Y7t_UagRgNFFB_jkCw,"{'review_id': 'fgydAIJNtzQLAzFiVh4irQ', 'stars': 2}"
UCMSWPqzXjd7QHq7v8PJjQ,04i8QlcT28rw3Yf37hba5Q,"{'review_id': 'VLdLpSfecAs3dFxb1D6I9Q', 'stars': 5}"
UCMSWPqzXjd7QHq7v8PJjQ,d69F8wnAyCQMWuYQTEFFUw,"{'review_id': 'YEHr3Defv9QW6xLpC-8d2w', 'stars': 3}"
UCMSWPqzXjd7QHq7v8PJjQ,MD_Dh0YJ3-2uNzMt5NqJsg,"{'review_id': 'NTn8a-eu7mIniCC8ixkkjw', 'stars': 5}"
UCMSWPqzXjd7QHq7v8PJjQ,0H_n0mdiBBCfFuLYibod_Q,"{'review_id': '2BUJemXRSmEA6ziyPOp8iQ', 'stars': 4}"
UCMSWPqzXjd7QHq7v8PJjQ,g_UvMS8irByyP7h3KEmmxQ,"{'review_id': 'voMXLCb0gcriG5YE0rSy-g', 'stars': 5}"
UCMSWPqzXjd7QHq7v8PJjQ,-WcB-MUolRfvBmJ2lLU_cg,"{'review_id': 'awyiVO2jZgUrqgs6WHb2cw', 'stars': 4}"
UCMSWPqzXjd7QHq7v8PJjQ,w0CNvIqdA2ZNgrpTd54rkA,"{'review_id': '94sjhtoVj1v6apg2UAfoGA', 'stars': 3}"
UCMSWPqzXjd7QHq7v8PJjQ,jBNAm9Cz7ses4t99A71NEw,"{'review_id': 'eH2lY66ku4-6tnwzuo1OuA', 'stars': 5}"
UCMSWPqzXjd7QHq7v8PJjQ,JJ28X953AXwBQ2IQl0w80Q,"{'review_id': 'Pkxhd4gIXNByM84PZr-5Sg', 'stars': 5}"
UCMSWPqzXjd7QHq7v8PJjQ,LAJ2wrfP1ZLCD_utHcmr_Q,"{'review_id': 'toq0ZV_dy2X9idrOq4fj0g', 'stars': 5}"
UCMSWPqzXjd7QHq7v8PJjQ,WwYAXobA3XPR1FC-gnaX6g,"{'review_id': 'HMEqlGGAWmitFzHHZnPVoA', 'stars': 5}"
UCMSWPqzXjd7QHq7v8PJjQ,d62C1WL-dcI9eE9xJBHn5Q,"{'review_id': 'IzbrtT_6418FLRWNnoLIiQ', 'stars': 5}"
UCMSWPqzXjd7QHq7v8PJjQ,JBLWSXBTKFvJYYiM-FnCOQ,"{'review_id': 'Z_RXjjrko9RObx6QbrzgJQ', 'stars': 5}"
UCMSWPqzXjd7QHq7v8PJjQ,rIO_nkCSnWTjDpGbjfHt8w,"{'review_id': 'xwg0qzYEWjRdCX2TR5sYgg', 'stars': 5}"
UCMSWPqzXjd7QHq7v8PJjQ,jLL2q3ieCon689_uiasHJQ,"{'review_id': '8ACqjYHkDLvjoHEtPIxMwQ', 'stars': 5}"
UCMSWPqzXjd7QHq7v8PJjQ,xfRCH36DNtOq28C8JWiHNA,"{'review_id': 'xs_t91AwHmxHTrkvvdVgAw', 'stars': 5}"
UCMSWPqzXjd7QHq7v8PJjQ,ocalYFm7FVIkmBu2vs-PNA,"{'review_id': 'ksEIvxiP2AvcG8izQPLvOw', 'stars': 5}"
UCMSWPqzXjd7QHq7v8PJjQ,PluuoC0vKMq_159qjFiR-A,"{'review_id': 'cLOv_wep8i9NJvIJN9SPIQ', 'stars': 5}"
UCMSWPqzXjd7QHq7v8PJjQ,p_T-VFbmvtnSxnI5djUWig,"{'review_id': 'GmSh9AEG2nwq91ZURDJ9rw', 'stars': 3}"
UCMSWPqzXjd7QHq7v8PJjQ,8QXAB1vREcnwBybGl6kelQ,"{'review_id': 'ACpMwD4xi6Rp1rbiAlDDSQ', 'stars': 4}"
UCMSWPqzXjd7QHq7v8PJjQ,hTaBY4ObN-vTNgABea55wg,"{'review_id': '3Vw_olseXFuGbGspxEv4fQ', 'stars': 5}"
UCMSWPqzXjd7QHq7v8PJjQ,0MaXIP3k2V-zTB4YoZ2G5g,"{'review_id': '02RH35hVAWGRXn7oWqdcOA', 'stars': 5}"
UCMSWPqzXjd7QHq7v8PJjQ,UqA28T4JXvnMLWHMlQNHOg,"{'review_id': 'GAIv4H-cbuedESXwkFOPwQ', 'stars': 5}"
UCMSWPqzXjd7QHq7v8PJjQ,Bgv3CFS9yhIMJ12nD_VCxw,"{'review_id': 'dW30zwnEzbnveb5TQGp-XA', 'stars': 2}"
UCMSWPqzXjd7QHq7v8PJjQ,zQ-WKse2-NWKwqwu1oeJ9g,"{'review_id': 'az2GC5oeFVqBjZTEyyx14A', 'stars': 3}"
UCMSWPqzXjd7QHq7v8PJjQ,-6ULgMBfzqbgOPcE5PrRWQ,"{'review_id': '2AMY3NDsYBI6DQfK0YcR0w', 'stars': 5}"
UCMSWPqzXjd7QHq7v8PJjQ,1LxdpsABpx588lVBOAFR7g,"{'review_id': '1yUqwFmxEa6IXr1WD6Hadw', 'stars': 5}"
UCMSWPqzXjd7QHq7v8PJjQ,89Meij6Q45x8aVl9iN-GBQ,"{'review_id': 'gOynDR_vz3FlMoLiDyGSpA', 'stars': 4}"
UCMSWPqzXjd7QHq7v8PJjQ,DwbGw2Azs-x9Udr0InjA8A,"{'review_id': 'UvZvClAENl6Nu9ikh5ZgQA', 'stars': 5}"
UCMSWPqzXjd7QHq7v8PJjQ,DgnO4AEfGL8of7O-39OFKQ,"{'review_id': 'OH5JuQfY9bHlb8EhTy1uig', 'stars': 1}"
UCMSWPqzXjd7QHq7v8PJjQ,Z7PsT-nKB1NqCs_RBhtpiw,"{'review_id': 'QKts0JpGSUndqNl_hX-QXw', 'stars': 5}"
UCMSWPqzXjd7QHq7v8PJjQ,I2YvqVLZNx1q6fpu8O2Oog,"{'review_id': 'lRjBQ9_l-iQkNARUMKqIqA', 'stars': 1}"
UCMSWPqzXjd7QHq7v8PJjQ,g1Qpp-c6CoGpFy-KEByU6w,"{'review_id': 'rdY1JlWaD4pXgSCNP9DPOQ', 'stars': 5}"
UCMSWPqzXjd7QHq7v8PJjQ,bGBxWBeJ7hw-BfLl_8t9kQ,"{'review_id': 'WknUcKORUfAMMhRK5W7K0w', 'stars': 5}"
UCMSWPqzXjd7QHq7v8PJjQ,lrYuUwrh83HnGaEO5EWYJg,"{'review_id': 'wPyI5lmUOlehhf8I3wl21A', 'stars': 5}"
UCMSWPqzXjd7QHq7v8PJjQ,M0j9mMg2vjwxrO9YU6z7Rw,"{'review_id': '62SWSwWgKNnl2y2R4alU_A', 'stars': 5}"
UCMSWPqzXjd7QHq7v8PJjQ,AVSCM4exSFIN4mIj-fW-Jw,"{'review_id': 'UhIcFwhMmUJ_py29ny3Utg', 'stars': 5}"
UCMSWPqzXjd7QHq7v8PJjQ,8C68BYnLPxBVRHkNhoCJsw,"{'review_id': 'MVLfgrI11BORKyx0RciDSA', 'stars': 5}"
UCMSWPqzXjd7QHq7v8PJjQ,Ys_kEuS_EBAJB_NGlSA0fg,"{'review_id': 'm-GbT6-PGZ_OcGuGtokPzw', 'stars': 1}"
UCMSWPqzXjd7QHq7v8PJjQ,EnFRwa9xPq9QaE4jBjFhlw,"{'review_id': 'N9EfpdvVvI39ExoCkakBvA', 'stars': 4}"
leMOR7VSm5z-0r60iJ90EA,muxda1cSVtplETqTfYVgZA,"{'review_id': '17eh_3lrrCNdpVBcP_MpCQ', 'stars': 5}"
leMOR7VSm5z-0r60iJ90EA,Rv8bW3pkzpi5dZu5ckbgtA,"{'review_id': 'nm1xCQ41vpiQP5uD2GZDEw', 'stars': 3}"
R-D_m0sHuc-RBV5d_4xNCw,LZzDvgfpkd4nI3E4L9wF1w,"{'review_id': 'FpPCvkyLBoo70o43rtPdeQ', 'stars': 5}"
mxYElacBOmx4d2cOAKSs2g,zZ01WQlcpI1_n806WKV3bA,"{'review_id': 'CvYTt8Egd1Cb7o9XtzFLzA', 'stars': 5}"
owRN91Bim4RBvd_Yj4DsLA,WSx9-iYYyST_umny9sJBFg,"{'review_id': 'OPJ0xQp62NOCTeTm4jXbyw', 'stars': 5}"
fPbkv1VU7G94hrfJE6kKDg,tV46IhCfHbsx_af-pMupiw,"{'review_id': 'p1eZx9cP5D1Ft5a0N8a0lA', 'stars': 5}"
9Y1YkloHk2MAE3hkwYdFKA,j8feOxyJqlIJWOi8su2qzw,"{'review_id': 'cOwNuiNqpnoicY4nU7awIA', 'stars': 2}"
-4Q5n5AfHKU5GUDEJZwOtQ,muxda1cSVtplETqTfYVgZA,"{'review_id': 'E7G-kwWYE15UrbwGUXgnsQ', 'stars': 5}"
n9KpCXZnIiZrPn3ug2FPPw,muxda1cSVtplETqTfYVgZA,"{'review_id': 'XdXkz990WJANcLsyXbqfdA', 'stars': 5}"
tW1WOkItxVyqXVitc4l7ag,WSx9-iYYyST_umny9sJBFg,"{'review_id': '-z069CjgtUvDoVkiDud5QA', 'stars': 4}"
4PYfRKB2_shulKeN0RFUZg,LZzDvgfpkd4nI3E4L9wF1w,"{'review_id': 'MgFxnNylaXNTYFUDYG7efA', 'stars': 5}"
lLAifGVomWrO9yMSkBicNQ,Rv8bW3pkzpi5dZu5ckbgtA,"{'review_id': 'dI8Vc3NJ2Cg66kzsukiNGQ', 'stars': 5}"
ZgXCViZ4_CN0rSmjGjPTvg,zZ01WQlcpI1_n806WKV3bA,"{'review_id': 'QoAbs03pl0Zex-iDncvoJw', 'stars': 5}"
a2DGFEIov1L7X9rKdVmN6A,WSx9-iYYyST_umny9sJBFg,"{'review_id': 'mCM_b1hmo7kkYQrZsg3IHA', 'stars': 5}"
a2DGFEIov1L7X9rKdVmN6A,muxda1cSVtplETqTfYVgZA,"{'review_id': 'KD6T-6OL0amF6BdMClA9iA', 'stars': 5}"
UhN9RrW19vz7vFWgWVLn_w,hyeo7JQr5uLp-St1MibYAA,"{'review_id': 'pIXF6Je4Q_-E0d-H_hQgxw', 'stars': 4}"
C7dQiaeTjraiwSGts7zmmw,zZ01WQlcpI1_n806WKV3bA,"{'review_id': 'R95iptYqSs92e6KaW3yRBA', 'stars': 5}"
f8NI0wFzvoo-AnZGYiwmxw,Rv8bW3pkzpi5dZu5ckbgtA,"{'review_id': 'qRtwcv6Up7WmWsp-up1hxw', 'stars': 4}"
VL2Js_d5cdQJKdFybUWCLw,Rv8bW3pkzpi5dZu5ckbgtA,"{'review_id': 'pXtAZH1LeeY17zpEyIc3ww', 'stars': 2}"
xfImljhxN6NlONPD2rb_HA,zZ01WQlcpI1_n806WKV3bA,"{'review_id': '17-0sfowl9f-L_q7AtRjKg', 'stars': 4}"
0H_n0mdiBBCfFuLYibod_Q,j8feOxyJqlIJWOi8su2qzw,"{'review_id': 'nG38bkPt3DcqoLhWaxalVw', 'stars': 5}"
w0CNvIqdA2ZNgrpTd54rkA,Rv8bW3pkzpi5dZu5ckbgtA,"{'review_id': 'aDqhlrPrjKEOHD_XuXCHCg', 'stars': 5}"
ocalYFm7FVIkmBu2vs-PNA,muxda1cSVtplETqTfYVgZA,"{'review_id': 'Ny60bHT--zjHVXz2HFPmRQ', 'stars': 5}"
PluuoC0vKMq_159qjFiR-A,zZ01WQlcpI1_n806WKV3bA,"{'review_id': '6dxrObCBqVbqGfWptuF7QA', 'stars': 4}"
8QXAB1vREcnwBybGl6kelQ,wj8XtPyuREj8_0GQz3LZ6w,"{'review_id': 'RdOMchTvT_fTkNyYmhwJzQ', 'stars': 5}"
hTaBY4ObN-vTNgABea55wg,WSx9-iYYyST_umny9sJBFg,"{'review_id': 'yeo77-U6S7oJKmiM1i3sdg', 'stars': 4}"
hTaBY4ObN-vTNgABea55wg,Rv8bW3pkzpi5dZu5ckbgtA,"{'review_id': 'U6CPHxzRYB4wLyP4ar9ulA', 'stars': 5}"
0MaXIP3k2V-zTB4YoZ2G5g,Rv8bW3pkzpi5dZu5ckbgtA,"{'review_id': '1JznZipkWiZ9oA4FVJKBDQ', 'stars': 5}"
Bgv3CFS9yhIMJ12nD_VCxw,wj8XtPyuREj8_0GQz3LZ6w,"{'review_id': 'jCMwmalxxcPQkrwsGGAYiQ', 'stars': 4}"
-6ULgMBfzqbgOPcE5PrRWQ,zZ01WQlcpI1_n806WKV3bA,"{'review_id': 'htVCBWmrOsNzKs5eTb_bUw', 'stars': 5}"
89Meij6Q45x8aVl9iN-GBQ,Rv8bW3pkzpi5dZu5ckbgtA,"{'review_id': '4hjx1FBXDqrGXePD5PcEZQ', 'stars': 2}"
Z7PsT-nKB1NqCs_RBhtpiw,tV46IhCfHbsx_af-pMupiw,"{'review_id': 'acoVSnwE3X_1h1SLbTgD2g', 'stars': 5}"
g1Qpp-c6CoGpFy-KEByU6w,Rv8bW3pkzpi5dZu5ckbgtA,"{'review_id': 'VIR62BjAJxR65MWu-UMvGg', 'stars': 5}"
g1Qpp-c6CoGpFy-KEByU6w,zZ01WQlcpI1_n806WKV3bA,"{'review_id': 'Ay-SHgxYAUjeDJjoLDOyVw', 'stars': 4}"
EnFRwa9xPq9QaE4jBjFhlw,zZ01WQlcpI1_n806WKV3bA,"{'review_id': '-fRBQ3sZw6BBkREdlf5yFw', 'stars': 3}"
WSx9-iYYyST_umny9sJBFg,Seag2bLW7vg7QndO7x5dbA,"{'review_id': '1Voi4Dr_CO8cjYV8TmIBnQ', 'stars': 5}"
WSx9-iYYyST_umny9sJBFg,LOMxu4ODEDc_6ap1G5Kyhg,"{'review_id': 'IVA2hJb5ZHRkEH63dCwKkw', 'stars': 4}"
WSx9-iYYyST_umny9sJBFg,4zxUQlQc3phsqKIz-qCINQ,"{'review_id': 'MLuICXqt83GosybdWzUCyg', 'stars': 5}"
WSx9-iYYyST_umny9sJBFg,drycfOxgOgBBIPBXaWqRjg,"{'review_id': 'jtsQXAcyNoySW1Kk9fG_4g', 'stars': 4}"
WSx9-iYYyST_umny9sJBFg,Vr56-zoCCT2VUT8Oedqqzg,"{'review_id': 'XFviMu1sfXy5lUlaxbSAZQ', 'stars': 4}"
WSx9-iYYyST_umny9sJBFg,wdvScg_MH8F-PNfTNHJ1zA,"{'review_id': 'Xx6L-Qqsv7Hx6hAygBhrCg', 'stars': 4}"
WSx9-iYYyST_umny9sJBFg,hs2vc0xxGHsEmsY0zATABg,"{'review_id': '_wlLyk43IZPp_YgErLBvMQ', 'stars': 5}"
WSx9-iYYyST_umny9sJBFg,fva3jV0Y5HzkL5czj4W_jw,"{'review_id': 'M9_5FEiKGRompNOvzpC13Q', 'stars': 5}"
WSx9-iYYyST_umny9sJBFg,sKQvEQxXaDuVtGMMveY4xA,"{'review_id': 'InVNq6nHfHyjVtfr3_lokQ', 'stars': 5}"
WSx9-iYYyST_umny9sJBFg,e5nZO3u2YkWOOIF8wxrO7Q,"{'review_id': 'Yd0tMcg1mw7ObxckKD1Akw', 'stars': 3}"
WSx9-iYYyST_umny9sJBFg,3KhKmO4usrQUEsrFOTA39Q,"{'review_id': 'NNPsjmNAMhp4PDruxLpBSA', 'stars': 5}"
WSx9-iYYyST_umny9sJBFg,6_DNHSwbyIZsfrcIn2p1DQ,"{'review_id': 'Xlx5dqyz0bkbpJ9UE4rBYA', 'stars': 1}"
WSx9-iYYyST_umny9sJBFg,P6X2QhcrA9dPazCFGBe1ag,"{'review_id': 'SlYD0LAPIH_OanXVPZnlig', 'stars': 5}"
WSx9-iYYyST_umny9sJBFg,8U64CGIIvja11Lv1qqsTDQ,"{'review_id': 'z7zEiLkwp4R_-JXObta_zw', 'stars': 4}"
WSx9-iYYyST_umny9sJBFg,KTPLzCTAM7uTOAS_uVPcXg,"{'review_id': '8Mw4SxN0pCw2ngLVkZB2Ag', 'stars': 5}"
WSx9-iYYyST_umny9sJBFg,PZeMu01uM5nBA12ShwG5jQ,"{'review_id': '_jIFu9WtyMLkn9tXIBV-tA', 'stars': 4}"
WSx9-iYYyST_umny9sJBFg,dUbQiecMjzBw6m_8lauFBQ,"{'review_id': 'v178vEE6PzWdhwnmObkOjg', 'stars': 4}"
WSx9-iYYyST_umny9sJBFg,6zheTZ_WT4Uq469qJANSug,"{'review_id': '93BFuI5UqpzrqqrZouqDzg', 'stars': 5}"
WSx9-iYYyST_umny9sJBFg,_4srOlPBa24QcQntCgqhqA,"{'review_id': '_TwYNjFG__u7nwaz_nurww', 'stars': 5}"
WSx9-iYYyST_umny9sJBFg,_6j6uCisr8DNewdBlZKAdQ,"{'review_id': 'FaOVx9FJCyW0MdfogEwMPg', 'stars': 4}"
WSx9-iYYyST_umny9sJBFg,2TvkaIVk1PlSWBXq1Q2dPQ,"{'review_id': 'I293WmlNx6T_2WoaemHKww', 'stars': 5}"
WSx9-iYYyST_umny9sJBFg,729ASTjOmyfiqVrkylYuTA,"{'review_id': 'Ue7iPiCARH47ytsnExiMrw', 'stars': 5}"
WSx9-iYYyST_umny9sJBFg,j6kwzQfSfr-Cz6j1-HG1Gg,"{'review_id': 'GP2O57nHbVyKAoNfZwnhdA', 'stars': 5}"
WSx9-iYYyST_umny9sJBFg,JiOL8vptz1V5keQY2gPh_Q,"{'review_id': 'fFPMV_tdLh9iu-XGaXlFVA', 'stars': 5}"
WSx9-iYYyST_umny9sJBFg,9crKLRegfPxGw7t--P3JkQ,"{'review_id': 'Bv4kq-r_lXYjp1T4oTHKuw', 'stars': 5}"
WSx9-iYYyST_umny9sJBFg,zxAM0cdIbZZYN-6gVQuntQ,"{'review_id': '0TMGGTXZNPUyrAdmdZULHQ', 'stars': 5}"
WSx9-iYYyST_umny9sJBFg,zvQA2JCRk5QcjvO9bi9qzg,"{'review_id': '8TVLPS4jRqziB1FxdWR6JA', 'stars': 5}"
WSx9-iYYyST_umny9sJBFg,vTYUl9sMStmZERgW4fIWkQ,"{'review_id': 'N9eYV9VPlT9pLighIlkulQ', 'stars': 5}"
WSx9-iYYyST_umny9sJBFg,gaFjqM4Jt9Wg0vOEJlnOwg,"{'review_id': '3_nwb3UtG1iNJbga6PMs8g', 'stars': 4}"
WSx9-iYYyST_umny9sJBFg,qL0eXfyHFoSe5RrmdoqwnA,"{'review_id': '7kJGB5_DZzlfc6WseEDSOg', 'stars': 4}"
WSx9-iYYyST_umny9sJBFg,1Mg6dBktceR27KFx4zarKw,"{'review_id': 'Y0K2O6Yp6Dy28usympDdnQ', 'stars': 5}"
WSx9-iYYyST_umny9sJBFg,-tNhf6lp6UQ_ibBVYzXOHA,"{'review_id': 'TXoVeUSX9Ocxtm66EB6XiA', 'stars': 5}"
WSx9-iYYyST_umny9sJBFg,UMLpbksVrxmcEtv5mHaGcg,"{'review_id': '1g7o-it5A1diGMVTrgy_dA', 'stars': 4}"
WSx9-iYYyST_umny9sJBFg,Wpncx6BVMTB6cHaIr6mDVQ,"{'review_id': 'lbwFq5J8oyUWyUP48uLESg', 'stars': 4}"
WSx9-iYYyST_umny9sJBFg,gbH5aRgS90ge5L8lEsl6KA,"{'review_id': 'VByykePN7-PhOt07J-bGmw', 'stars': 5}"
WSx9-iYYyST_umny9sJBFg,QvzTWds9O6-ntqAZU7HQeA,"{'review_id': 'H25tt57d1b8h_8dNnEIZ6Q', 'stars': 4}"
WSx9-iYYyST_umny9sJBFg,R7L6Fz8_SJuPJx3TqwzfTA,"{'review_id': 'OmxGkHxjB7-LRFsdNEDrWQ', 'stars': 5}"
WSx9-iYYyST_umny9sJBFg,WenjfKjsIFhTXHCb5Nvutw,"{'review_id': 'TAjcBZkXYZaz0gbMCLhA7Q', 'stars': 4}"
WSx9-iYYyST_umny9sJBFg,6QVhgVqKRZY1M1U8aQcRIA,"{'review_id': '18-BeF5D2RiRqb4yfGPohw', 'stars': 5}"
WSx9-iYYyST_umny9sJBFg,x4IzQ_HBDUX_60IQ5K1VHw,"{'review_id': 'HP_VHlE1xjAi5xXCm6-jYQ', 'stars': 5}"
WSx9-iYYyST_umny9sJBFg,yS7VdmQE-gVKNz_NW2K96A,"{'review_id': 'DwxvGblBXoDPqtTID4TVCw', 'stars': 5}"
WSx9-iYYyST_umny9sJBFg,o5DRm0XmpDiIf9h68hHhNA,"{'review_id': 'slQ6BX6WJu2sVOikaeHRgA', 'stars': 3}"
WSx9-iYYyST_umny9sJBFg,qlZUcCNqnMb-AZi7Uu21rg,"{'review_id': 'AMITI_88uti4Ghjt8KiHoA', 'stars': 5}"
WSx9-iYYyST_umny9sJBFg,LWDJ2lqbAdqT88oUCsG4fA,"{'review_id': 'F72qLZBCe87avU_fJfV-eQ', 'stars': 4}"
WSx9-iYYyST_umny9sJBFg,-zu6-Y_DBQ6isEuHIcRUjg,"{'review_id': 'u32tNhh1Y4EjF5FgCk5xgw', 'stars': 4}"
WSx9-iYYyST_umny9sJBFg,f8UCqBQqWvEV-lG5-Sj8gg,"{'review_id': 'Y6aAyzZbuo_g0sxR1GrcTA', 'stars': 4}"
WSx9-iYYyST_umny9sJBFg,Nq5bWAY6o7SIMVLp45En9Q,"{'review_id': 'Lw8nj1pFlc7yV9EnW_db8A', 'stars': 3}"
WSx9-iYYyST_umny9sJBFg,ti9ZHlZrxRg-FsCelbUaHw,"{'review_id': '-frXp6M-oG188sQ0heCZ7A', 'stars': 4}"
WSx9-iYYyST_umny9sJBFg,6NxuLbbqCkDogzaOQ8_4-A,"{'review_id': 'E54JMcdic18dz9xKcXLL4A', 'stars': 5}"
WSx9-iYYyST_umny9sJBFg,wIquJ2JnQjhCyqbnl9bOVw,"{'review_id': '-irbOrbOKGIt0mDs-kHVXQ', 'stars': 5}"
WSx9-iYYyST_umny9sJBFg,Htv3V_YvVMZfU7hxplUtEg,"{'review_id': 'Z9GdS_8Ng9Y88olOUeJ10g', 'stars': 5}"
WSx9-iYYyST_umny9sJBFg,_Eq9g6QAnPBVIc6McDS0qA,"{'review_id': 'd8lVvJILOLHvC9W2hh4ylw', 'stars': 5}"
WSx9-iYYyST_umny9sJBFg,VArk3rqYeaHPoYfLcAY3Tg,"{'review_id': 'ZtjrV4czAgbR4nDLeKY0ww', 'stars': 4}"
WSx9-iYYyST_umny9sJBFg,1_YNigRfXPk2WTELUfucbg,"{'review_id': '-7dszqnScAqb9BH5QSPdeA', 'stars': 5}"
WSx9-iYYyST_umny9sJBFg,T1RwPkYFRoq0SnrqhnB9yQ,"{'review_id': '_xrLO9fS4nIoC2wH4ALPrw', 'stars': 5}"
WSx9-iYYyST_umny9sJBFg,itJq-oCureIBBrOqiONxBw,"{'review_id': 'FZUF2IlHTESou3hTMvV6FA', 'stars': 5}"
WSx9-iYYyST_umny9sJBFg,g4wUhpnSVKpPwNBTHHIWLA,"{'review_id': 'w7enq2QI-dc1xZlln39ivg', 'stars': 5}"
WSx9-iYYyST_umny9sJBFg,9e6VDJWc_3zPm0X-6BHBHA,"{'review_id': 'RkY72J8V81D-ZH4LVtZ7ig', 'stars': 2}"
WSx9-iYYyST_umny9sJBFg,b3Xw9_dCSpayZQEgTG80_A,"{'review_id': 'mzib1ggKECry8nBKZRsunA', 'stars': 5}"
WSx9-iYYyST_umny9sJBFg,777WWXZrsU_NU77c2vMjfw,"{'review_id': 'TiWq-XOjRU11bjM9RFBy7Q', 'stars': 4}"
WSx9-iYYyST_umny9sJBFg,aA5oDnQkMGsIF-XYfexu2A,"{'review_id': 'c1Fs3jSHwdI6zt6OBBtUoQ', 'stars': 4}"
WSx9-iYYyST_umny9sJBFg,hYDW4shRvq9O4ajT-MIVgQ,"{'review_id': 'YalJfUSynXJJ72-gtNSxEw', 'stars': 5}"
WSx9-iYYyST_umny9sJBFg,lFlHN43su_mnU2-RuotVXA,"{'review_id': 'r5rhGRZFl1bXvBoRXSDGlQ', 'stars': 5}"
WSx9-iYYyST_umny9sJBFg,Kju75fMfPvr-D3MjH2TKAg,"{'review_id': '2r2LxcKGZpm3QHufnJW6TQ', 'stars': 4}"
WSx9-iYYyST_umny9sJBFg,bXL4Nw3eyuokqxegsCayDA,"{'review_id': '20Y6V6hoWja3vGqYhwZ7NQ', 'stars': 5}"
WSx9-iYYyST_umny9sJBFg,F3DEzjWVMGTOvb4OlsiKZQ,"{'review_id': 'urUlwHqNjCDUiyVLbFzuVA', 'stars': 5}"
WSx9-iYYyST_umny9sJBFg,BEFvkCIta9_qWy7DYH7gpQ,"{'review_id': 'cMD09bkTcJjxGsOw_FNDPw', 'stars': 4}"
WSx9-iYYyST_umny9sJBFg,VvvGAOIT8oV1_WKW4_G-aA,"{'review_id': 'RIZ1gy6ODw4o-G7J-ckrDw', 'stars': 3}"
WSx9-iYYyST_umny9sJBFg,-aD5npJC9OblW7g591m_RA,"{'review_id': 'jiXYCWTCc43XZy3PC_QFlg', 'stars': 5}"
WSx9-iYYyST_umny9sJBFg,EUJlkq8jMG8ikw1mBMqreA,"{'review_id': '4lkefDXsZkDiPZNV9OK6RA', 'stars': 5}"
WSx9-iYYyST_umny9sJBFg,zUXRLwcLDbLLJc2ndyhDbQ,"{'review_id': 'kfAiHFj2VmRrE_OHDwQJKg', 'stars': 5}"
WSx9-iYYyST_umny9sJBFg,AqpwgzdP0NI5LFxIJbYB_Q,"{'review_id': 'n-hD_Fw5jgQKCXY0nJfLYg', 'stars': 5}"
WSx9-iYYyST_umny9sJBFg,HpCT2cMzIU9fRIO8enRnTg,"{'review_id': 'rJNXcAuN6QyrLaidg_9Ogg', 'stars': 4}"
WSx9-iYYyST_umny9sJBFg,IJN-45eOGi1gUihoYAc5jQ,"{'review_id': 'sSSgqv0FSlbkEs3ETo0Q7A', 'stars': 4}"
WSx9-iYYyST_umny9sJBFg,2D1md81eobsLXiemi75dxQ,"{'review_id': 'B9Jwl4Xe74i-395AJx5UFw', 'stars': 5}"
WSx9-iYYyST_umny9sJBFg,5O-mKboK7hK1YDc0W9MJJw,"{'review_id': 'tMVT6phwxKNOizFpq7hY3A', 'stars': 4}"
WSx9-iYYyST_umny9sJBFg,LRrPCCUG5pdkxik_qxkGBQ,"{'review_id': 'jbMDuSEYxY8aiN4lVCu3og', 'stars': 5}"
WSx9-iYYyST_umny9sJBFg,-877Gi5QAGEZ_aPNPNYCug,"{'review_id': 'wlljhpPbs10VzlA2Xh4hvQ', 'stars': 5}"
WSx9-iYYyST_umny9sJBFg,mMJ5EPzkwAkI87bM7_RzNA,"{'review_id': 'mEwjkXws0sFAMK7nT3QXIw', 'stars': 3}"
WSx9-iYYyST_umny9sJBFg,WYqqm1NpY6-VvEkAZhBumA,"{'review_id': 'v8kTZ0bcXA3ZxKbNYcFfVQ', 'stars': 5}"
WSx9-iYYyST_umny9sJBFg,y5Hs0N7tG0-H6M_8FeGjfA,"{'review_id': 'dENMgWGZoig2xeMMx-35GQ', 'stars': 3}"
WSx9-iYYyST_umny9sJBFg,f5FIPDpwFzr8tGdasaUbSg,"{'review_id': 'lNBuwOdLe_O4hLLU7YG_yQ', 'stars': 5}"
WSx9-iYYyST_umny9sJBFg,YbfGgky2ahvuaWhGsCB0HA,"{'review_id': 'VJkme7kfKwqWjHdxwlo2-Q', 'stars': 5}"
WSx9-iYYyST_umny9sJBFg,EJcaLAPeDbb5YwIPaaLmkg,"{'review_id': 'Csi32HhYWfT0pJ1wnFMl-w', 'stars': 1}"
WSx9-iYYyST_umny9sJBFg,3ebuJJKoB5dC5O7IdgA4aw,"{'review_id': 'Xo9qgJj7rdEk5_Pv9sEpQw', 'stars': 5}"
WSx9-iYYyST_umny9sJBFg,DnlAmZMPUmu62RtHHU5CJw,"{'review_id': 'MlfyYKlqvVg6f_O-gzy2AQ', 'stars': 5}"
WSx9-iYYyST_umny9sJBFg,VLJkTbncllFi-DOWVVeOcQ,"{'review_id': '9JZxmO96f54zoF2nbAzzUQ', 'stars': 2}"
WSx9-iYYyST_umny9sJBFg,Wb5ETqtnQeQG7C4jAZGIYA,"{'review_id': '9Fvk2g2dwTUKR_sDjwRidg', 'stars': 4}"
WSx9-iYYyST_umny9sJBFg,m2nZ51S_MGEUck-M9ZMXNw,"{'review_id': 'rIjEneutfagBBD-I-q9yVQ', 'stars': 5}"
WSx9-iYYyST_umny9sJBFg,YMSwZ7roLt1frPn4XitYUQ,"{'review_id': '24zkNG8GpHAFCxhgF_jzug', 'stars': 5}"
WSx9-iYYyST_umny9sJBFg,sb3zO7uWR164lMqIOAkHXA,"{'review_id': 'gCv2vYlscOF8TFIaUa7zUA', 'stars': 4}"
WSx9-iYYyST_umny9sJBFg,Vt22Z2jcrbQWFkT2OAbmjw,"{'review_id': '27NWhgZXbiAPRUqtMDJcxw', 'stars': 5}"
WSx9-iYYyST_umny9sJBFg,nUutFZUO-W2pnHGRKrLPTw,"{'review_id': 'nnngAV6KTwcpYZfLHeM4Uw', 'stars': 5}"
WSx9-iYYyST_umny9sJBFg,-7qUbOVWJp2NT3f_TNuIBA,"{'review_id': 'yt0MIZTNiX8NUXBkLniElA', 'stars': 5}"
WSx9-iYYyST_umny9sJBFg,BYCl08es0YHwgTA8c0os-w,"{'review_id': 'N8jpIAkWQqOVo-YS187z1A', 'stars': 5}"
WSx9-iYYyST_umny9sJBFg,M3PaHlwwTWeYMP1FecTuRA,"{'review_id': 'gDDOzPjNJZIfVUpviibx3A', 'stars': 4}"
WSx9-iYYyST_umny9sJBFg,kV4eLnU5fm-ieJCEeqNiIQ,"{'review_id': 'cObhrrJatsqI8t0QA6Y_wA', 'stars': 5}"
WSx9-iYYyST_umny9sJBFg,KzLaocMJp9XiXmyYQL18Cw,"{'review_id': 'P4qX9ECSMkv3Nxgf0oFZgA', 'stars': 5}"
WSx9-iYYyST_umny9sJBFg,kDBTf_z0-xVm7MfWZ8OVJg,"{'review_id': 'zbkqXCdAYlbc0Pp-uqiAiA', 'stars': 5}"
WSx9-iYYyST_umny9sJBFg,wjF3QcTR0RKooLxYqB_m6g,"{'review_id': 'fRgBfGmSRgsLOWvOjaTpjQ', 'stars': 5}"
WSx9-iYYyST_umny9sJBFg,Mn-MFyySgsl45503CBneGg,"{'review_id': 'R32JcpbhIjsA9f2x48lfBw', 'stars': 5}"
WSx9-iYYyST_umny9sJBFg,ZTkuKoOt2vp584A-8hDvBA,"{'review_id': '1T4yGCim4PGn0vOq_zh1xw', 'stars': 5}"
WSx9-iYYyST_umny9sJBFg,_T7ZInXEP0MxIqsQx0IhhQ,"{'review_id': 'vg_qF7XrPL86JYqvGpVw6g', 'stars': 3}"
WSx9-iYYyST_umny9sJBFg,FqlgjXUR0BiOjjx48g15SQ,"{'review_id': 'iDcOM3HInNfnzAfKJf2SCQ', 'stars': 5}"
WSx9-iYYyST_umny9sJBFg,njUgJcn8ZN0BdZdNEswRwA,"{'review_id': 'NX7iH8D517fm2QBFBjymLw', 'stars': 5}"
WSx9-iYYyST_umny9sJBFg,wCiiaq0vZfc8rCHqlR2Thg,"{'review_id': 'A9jpR5f4NHhoGsHYVflTlw', 'stars': 5}"
WSx9-iYYyST_umny9sJBFg,wmeUXb1bUUuPrivR9VXSTw,"{'review_id': 'FdGTlJHDqUREMkqxCbP0gg', 'stars': 4}"
WSx9-iYYyST_umny9sJBFg,LC0ZZPrG7cmw3b3ALT6DFA,"{'review_id': 'uhvHwb88I2dpEFmpdQgxlg', 'stars': 5}"
WSx9-iYYyST_umny9sJBFg,mu1x1n3eZQ81C18NtMLqsQ,"{'review_id': 'Bt2eEM6uRg_8BW4wQn4FaQ', 'stars': 5}"
WSx9-iYYyST_umny9sJBFg,BXOnW8TdUHkAZqmvLHzqbg,"{'review_id': 'vgDhDI9H68sdFcNhuGGDPg', 'stars': 5}"
WSx9-iYYyST_umny9sJBFg,0eTWacs28GUCPUY7MHzM1g,"{'review_id': 'hTLAOdGjbui8eLw-kKC4GA', 'stars': 5}"
WSx9-iYYyST_umny9sJBFg,qjXEXo85EaT64DGTYfGrcA,"{'review_id': 'yTeWHmOi1m6HGbZfEUwj6A', 'stars': 5}"
WSx9-iYYyST_umny9sJBFg,MXNBDXNuLLok-xnHSzkV4Q,"{'review_id': '7Y3zEXO8fLC0-EXVYVXetg', 'stars': 4}"
WSx9-iYYyST_umny9sJBFg,hgcu5iwb4doY3j0x9Q53nw,"{'review_id': 'AFKo9__ojp4ShIbG7E3qSA', 'stars': 4}"
WSx9-iYYyST_umny9sJBFg,eqTvNNpxTWPpEoZSIGv6wQ,"{'review_id': 'TCMYNGlIYnQ3cfuvG4a6Cg', 'stars': 5}"
WSx9-iYYyST_umny9sJBFg,JS_SOtV773gwoM1lj9Wiaw,"{'review_id': '4kjPC9V3OOhcvq0i2wBj0g', 'stars': 5}"
WSx9-iYYyST_umny9sJBFg,x8h92gFSIJJyfxwC3p3olg,"{'review_id': 'NaUiXRGALl67mmmWehfNnA', 'stars': 5}"
WSx9-iYYyST_umny9sJBFg,mWsb9HvVOtXRzjwg4snA4g,"{'review_id': 'GTXQYfN4MvUv6ZeUJdTHRg', 'stars': 5}"
WSx9-iYYyST_umny9sJBFg,jjW9ik6KdtpBC9EIdsIQgg,"{'review_id': 'MYGNgfF_-_rcTW9LULp1kw', 'stars': 5}"
WSx9-iYYyST_umny9sJBFg,VTUxik1f0cSRGBsUa2rb-Q,"{'review_id': 'd7i6IOpJ_-sgJOXd2i_mdA', 'stars': 5}"
_6j6uCisr8DNewdBlZKAdQ,j8feOxyJqlIJWOi8su2qzw,"{'review_id': 'WvRHTq3GQt3uzfoXF5gWHg', 'stars': 4}"
j6kwzQfSfr-Cz6j1-HG1Gg,hyeo7JQr5uLp-St1MibYAA,"{'review_id': 'Punv3rwpg75QYH-cbQRBxQ', 'stars': 5}"
gaFjqM4Jt9Wg0vOEJlnOwg,wj8XtPyuREj8_0GQz3LZ6w,"{'review_id': '3uYT7n6CFMRI558mFw_Mfw', 'stars': 5}"
-tNhf6lp6UQ_ibBVYzXOHA,wj8XtPyuREj8_0GQz3LZ6w,"{'review_id': 'MVtDjYwqiwmid6Vd7c9KiA', 'stars': 5}"
LWDJ2lqbAdqT88oUCsG4fA,zZ01WQlcpI1_n806WKV3bA,"{'review_id': 'N9cCaZdJ6m6lTrrTM6g6kw', 'stars': 4}"
aA5oDnQkMGsIF-XYfexu2A,muxda1cSVtplETqTfYVgZA,"{'review_id': 's-P3vQgz1OXv1MVxrgpVXg', 'stars': 4}"
lFlHN43su_mnU2-RuotVXA,Rv8bW3pkzpi5dZu5ckbgtA,"{'review_id': 'zLE2pL3y886jkLfKx-kpcA', 'stars': 5}"
mMJ5EPzkwAkI87bM7_RzNA,Rv8bW3pkzpi5dZu5ckbgtA,"{'review_id': 'eJdRRxGtynl51eP_AfbSnQ', 'stars': 4}"
mMJ5EPzkwAkI87bM7_RzNA,zZ01WQlcpI1_n806WKV3bA,"{'review_id': '3xYwlU9xWW0Vl7BcecCLbQ', 'stars': 4}"
Wb5ETqtnQeQG7C4jAZGIYA,j8feOxyJqlIJWOi8su2qzw,"{'review_id': 'qk5vekbkNpzRLfhyJSI_fA', 'stars': 1}"
-7qUbOVWJp2NT3f_TNuIBA,muxda1cSVtplETqTfYVgZA,"{'review_id': 'p0b01r_zmtrDZ6rc28w3EQ', 'stars': 4}"
kV4eLnU5fm-ieJCEeqNiIQ,wj8XtPyuREj8_0GQz3LZ6w,"{'review_id': 'O7am-r0Q6f7HWwynvzvzkg', 'stars': 5}"
wjF3QcTR0RKooLxYqB_m6g,zZ01WQlcpI1_n806WKV3bA,"{'review_id': 'Rx2TXx6EtkBXBT5mMzl8mg', 'stars': 3}"
FqlgjXUR0BiOjjx48g15SQ,LZzDvgfpkd4nI3E4L9wF1w,"{'review_id': 'Wj9g5QndbFAyIcjwaUclYw', 'stars': 5}"
MXNBDXNuLLok-xnHSzkV4Q,muxda1cSVtplETqTfYVgZA,"{'review_id': 'kLqqIoesJ_iuxFCSPRlGnA', 'stars': 4}"
j8feOxyJqlIJWOi8su2qzw,ABaDXhzUa0UFFB9YSrbGhQ,"{'review_id': 'ZosM7HrGDxukUp3t2lE5pg', 'stars': 5}"
j8feOxyJqlIJWOi8su2qzw,VGumDYt7FW-O3j7Lal4xGQ,"{'review_id': 'eAHtARKQSFQNlM3VSzC6hw', 'stars': 5}"
j8feOxyJqlIJWOi8su2qzw,N7gW2W9-VeSqZIDV6GPn6Q,"{'review_id': 'F-dfP4qVl9QiwvuK9AmQHw', 'stars': 5}"
j8feOxyJqlIJWOi8su2qzw,NKi9TtKzLecOcQFr66hEaQ,"{'review_id': 'hd5YZXMoaIuVPIW_CSwtwA', 'stars': 5}"
j8feOxyJqlIJWOi8su2qzw,GBc3fXVRiInpu_y7UJaTog,"{'review_id': '5nn-yZWgklu1F_0NaM8b_w', 'stars': 4}"
j8feOxyJqlIJWOi8su2qzw,_PoQowlqJJWngFuw0yFWyw,"{'review_id': 'z3lFkZtTQfcUxIUlFmVmOQ', 'stars': 5}"
j8feOxyJqlIJWOi8su2qzw,Yd5O1ABcyU0RgkxvRrEbiQ,"{'review_id': 'HM2njCjQlG-c1bOTKyZS1Q', 'stars': 5}"
j8feOxyJqlIJWOi8su2qzw,qlyJUC5o9fGYdDxXR5g5fA,"{'review_id': 'dlPr46oAEnPUGhcElT0ncA', 'stars': 4}"
j8feOxyJqlIJWOi8su2qzw,NgKb-i4y5DDRzY3L2X3Y_A,"{'review_id': 'xKl9TUYv3gJGEgIoSR9sZQ', 'stars': 5}"
j8feOxyJqlIJWOi8su2qzw,nA87Ja4KOjXrNlcZm3kjtA,"{'review_id': 'XLjdSPjKuAeWrMpoenP_4A', 'stars': 5}"
j8feOxyJqlIJWOi8su2qzw,MZ8OlmbjGsE5ZSBGr7Ieww,"{'review_id': 'gEMNsQbyGTUnI8t1XetqdQ', 'stars': 1}"
j8feOxyJqlIJWOi8su2qzw,aavZdB18R0w4hiau7c7B1A,"{'review_id': '2ZzWk6YcgcjanYu3XuNiIg', 'stars': 5}"
j8feOxyJqlIJWOi8su2qzw,b8WY7Gg1sNjTueGmWaNZCg,"{'review_id': 'ZRdY_VVbYf_XPijqL8b4lA', 'stars': 5}"
j8feOxyJqlIJWOi8su2qzw,84oxd-CrUqWFEyft-VOviA,"{'review_id': 'F2NZCxyCHKrlnIm8BKtn3w', 'stars': 4}"
j8feOxyJqlIJWOi8su2qzw,pVgYCAD9SZPio1ekCaeWtQ,"{'review_id': '5-MUEZ1VNdAROvIhhNd8Rw', 'stars': 5}"
j8feOxyJqlIJWOi8su2qzw,JujuxPWBrBPU4YXKzqBYRg,"{'review_id': 'xhFcTgi_BRJ-slQxHiT3oQ', 'stars': 4}"
j8feOxyJqlIJWOi8su2qzw,ChIiry_Sk8Ure_RTl8SFJA,"{'review_id': 'pHmxLvejwVobL2iZVAkm5g', 'stars': 5}"
j8feOxyJqlIJWOi8su2qzw,nXatu8S5529DnKT5wESSeA,"{'review_id': 'CdmeKrJfcOljiyq8EOhsEQ', 'stars': 5}"
j8feOxyJqlIJWOi8su2qzw,GtM4pC8vRGBEo_ZAutg2YQ,"{'review_id': 'yN4jYCyI8ySW02hXzFnWCQ', 'stars': 2}"
j8feOxyJqlIJWOi8su2qzw,8XDFbq7FDoVHdG3TX2mmGw,"{'review_id': '3hsLpzcTmPS5pQbhJQ49Kw', 'stars': 5}"
j8feOxyJqlIJWOi8su2qzw,ejAkVmcQR4KI-AX8lZ0MxQ,"{'review_id': '_2cPKqSNuw9fu2lu54tFZw', 'stars': 3}"
j8feOxyJqlIJWOi8su2qzw,y7YLd8pQu-U0lYttMreGBw,"{'review_id': 'JpMRjYyVNM5PcrN_F0WRkw', 'stars': 5}"
j8feOxyJqlIJWOi8su2qzw,y23Gu7vXURmv6mhr6C0pBQ,"{'review_id': 'yymgcFcXOqKDF5XYbjF3Ug', 'stars': 1}"
j8feOxyJqlIJWOi8su2qzw,a567eRUZEIwiSh9v1_AJRg,"{'review_id': '6sNhrNwxkUQWds4-WdEqRw', 'stars': 5}"
j8feOxyJqlIJWOi8su2qzw,2jDq1qdBpMexpsf0iDu_rg,"{'review_id': 'SW6RRBYyWmRa_yMbFF7gfw', 'stars': 5}"
j8feOxyJqlIJWOi8su2qzw,mLtiSUEfk3UKhDEwUul_pA,"{'review_id': 'U1VVN7OUi7_86CZBdLboKQ', 'stars': 5}"
j8feOxyJqlIJWOi8su2qzw,MFH9CK5wuxg7SWZjOtDjEQ,"{'review_id': 'Kj-xRY4p_YJZVn6Uf_Dfhg', 'stars': 5}"
j8feOxyJqlIJWOi8su2qzw,HR3J-q-tkW13JFmqiQEAkA,"{'review_id': '0QEWY_PZnQ9hw3dtwMIfpw', 'stars': 5}"
j8feOxyJqlIJWOi8su2qzw,olGvCbmJ21hERQxeIkqR7A,"{'review_id': 'LtvbeTz1N4qeIUrJ3u9OjQ', 'stars': 1}"
j8feOxyJqlIJWOi8su2qzw,tvLtBs75gq2WAuRJTC_O6A,"{'review_id': 'qKppr0SQEtb0DdQgIQpuhQ', 'stars': 5}"
j8feOxyJqlIJWOi8su2qzw,peBQYndSfgUPR96bNQsbHA,"{'review_id': 'YE8xlsCJA5rkYfP70UGiIg', 'stars': 4}"
j8feOxyJqlIJWOi8su2qzw,Em84gVlzqjF72hgtxnewug,"{'review_id': 'cXw_HKNa2z4vzH-Jb9jpJg', 'stars': 5}"
j8feOxyJqlIJWOi8su2qzw,ngd3IhC--vV7UJ7Upuw3Vw,"{'review_id': 'V3nZvk6w1SNJfyrwHe3mpw', 'stars': 4}"
j8feOxyJqlIJWOi8su2qzw,QDmSqfuPxxctHTu1XAL55A,"{'review_id': '0Qa__Ydckf4KGQdB5fyI_Q', 'stars': 5}"
j8feOxyJqlIJWOi8su2qzw,Sf3LjhLYMt5hwJzecerVwA,"{'review_id': 'w1jCLClI4h1ux0wEGeNG1Q', 'stars': 2}"
j8feOxyJqlIJWOi8su2qzw,LdZq9XaPpXrLx3cfWSX7vg,"{'review_id': 'y9Xff_3gIqnOkrBxa7hF2A', 'stars': 3}"
j8feOxyJqlIJWOi8su2qzw,hpn3YJAgClgBC9RCKG8png,"{'review_id': 'bNdvY5_FoFII1bVhnV9_dw', 'stars': 5}"
j8feOxyJqlIJWOi8su2qzw,HYdQcH7CC2iJ4NJcwe6AHg,"{'review_id': 'ggnektcDl_gLcPSTbdzSug', 'stars': 5}"
j8feOxyJqlIJWOi8su2qzw,-wd41HcxuwQwZJRW9HoO1A,"{'review_id': 'RbADi2Zl6H51g3sgPanM8g', 'stars': 5}"
j8feOxyJqlIJWOi8su2qzw,jNnjUCXTzAl0jWsTC93s4g,"{'review_id': '-Ld4ZqK3n-4KQYgcTkG44w', 'stars': 5}"
j8feOxyJqlIJWOi8su2qzw,1Ey4hTCGx1OxfgjtA6XUvg,"{'review_id': 'KtiCr0szCkhpU_GiPh172Q', 'stars': 5}"
j8feOxyJqlIJWOi8su2qzw,yYvHIZd90_uys4NOwakTMg,"{'review_id': 'uOBqhdK2ewBcHsdpuVAHWw', 'stars': 4}"
j8feOxyJqlIJWOi8su2qzw,zwY9CceUxbnh2yLjn7ZwCw,"{'review_id': '8AGq65o50hiKnd-s8icZJg', 'stars': 2}"
j8feOxyJqlIJWOi8su2qzw,68uga8HvM89ptZJFkPTn8Q,"{'review_id': 'MR5bx3hZCaaPCYC9egBWlg', 'stars': 5}"
j8feOxyJqlIJWOi8su2qzw,lUAJwgzixbuQoqKkYXFZyA,"{'review_id': 'mG4UolW0FViv4yunp1L8uw', 'stars': 3}"
j8feOxyJqlIJWOi8su2qzw,gNtqyRbJCFOSxslPMoHjJA,"{'review_id': 'tcLdd6BiuxaF1AgvlJXGKA', 'stars': 2}"
j8feOxyJqlIJWOi8su2qzw,Oa5u2Mh4HWu1FUxbaFRiIQ,"{'review_id': 'iFiE63QV1mBR-mX52yBkEA', 'stars': 5}"
j8feOxyJqlIJWOi8su2qzw,zTxMfTxnxZ4gRdcTjGPLnw,"{'review_id': 'nbhg3Q5Kx9FQCVdykzw7-g', 'stars': 5}"
j8feOxyJqlIJWOi8su2qzw,ngyS2I7fD70lYtbHkrbcdg,"{'review_id': '8oycv4r3QfclYTZ2wRWFeg', 'stars': 5}"
j8feOxyJqlIJWOi8su2qzw,PG7EEtP2RC-SfVQ3k_3ajQ,"{'review_id': '4qEcR7pbve_24E3p-v4ctg', 'stars': 5}"
j8feOxyJqlIJWOi8su2qzw,6_VZe6DEGjRwyKTJIQI3CQ,"{'review_id': 'm0KDqJ5Dt28w7D3M8Ng9Yw', 'stars': 3}"
j8feOxyJqlIJWOi8su2qzw,tKtSuc4aIdRzXCGNcbHJWg,"{'review_id': 'Sd_h1b6MWMjLMHNAzPY8HA', 'stars': 1}"
j8feOxyJqlIJWOi8su2qzw,Ulst5OrJXZPz_Cs9UXYOyQ,"{'review_id': 'u-S-L3bLmSGNhZlw5yQ9UA', 'stars': 5}"
j8feOxyJqlIJWOi8su2qzw,kS2m2nO-MFWgykPeAgTH7Q,"{'review_id': 'qkn5Q8ZqAYtJI0DhMABmYA', 'stars': 3}"
j8feOxyJqlIJWOi8su2qzw,QCd59iHBJTR12N5-64asNA,"{'review_id': 'NbipYY7C-N0OPzYKw3IdYw', 'stars': 3}"
j8feOxyJqlIJWOi8su2qzw,BkSl5xt3cbvlHKxPCKY7eQ,"{'review_id': 'nZBP6fifv0_LDhKUxozVGg', 'stars': 5}"
j8feOxyJqlIJWOi8su2qzw,y8dqr-e8qKgOb3CXEnMPJg,"{'review_id': 'mfeiMQAyFGWkOOtxoh33_Q', 'stars': 5}"
j8feOxyJqlIJWOi8su2qzw,fBG3PzTgAJAPEVTO90yebA,"{'review_id': 'HgP1w5biUYk_q-oVxttkcQ', 'stars': 5}"
j8feOxyJqlIJWOi8su2qzw,2MKtHnDEAVwKl0cOLU4uTA,"{'review_id': 'UO9UHZ9Pycy1HD7GdRGLgg', 'stars': 2}"
j8feOxyJqlIJWOi8su2qzw,tZxyUfCivXijEykSw3xg3A,"{'review_id': 'Xz7uSoVwcQQJnoZQ6NHQRA', 'stars': 4}"
j8feOxyJqlIJWOi8su2qzw,7ha7zCGvwcYbYc6_dyq_-w,"{'review_id': 'bevK-r0d_u2cxbFFnXIJsA', 'stars': 5}"
j8feOxyJqlIJWOi8su2qzw,xfIwurvlYbbh3EhDzowS-Q,"{'review_id': 'U1ZCwBfn0oxK-G8CW13uaA', 'stars': 4}"
j8feOxyJqlIJWOi8su2qzw,ei0LSmV9tlo8dLFne8v0CQ,"{'review_id': '135R6wFqQ7jjI3gXt2UcqQ', 'stars': 1}"
j8feOxyJqlIJWOi8su2qzw,rmjRmA4uNjLSsq_x9G1nfg,"{'review_id': 'm2Joywy9ncJnsq24Cu2Bfw', 'stars': 1}"
j8feOxyJqlIJWOi8su2qzw,xfm6xJIuuDG6I3UMXLmzsg,"{'review_id': 'vUtSLSuB_njI-teQl2pvvg', 'stars': 2}"
j8feOxyJqlIJWOi8su2qzw,tANcr45ZjMoZ0a2o_d70vA,"{'review_id': 'WKmj1ogjUmfD08PWz4iKkw', 'stars': 3}"
j8feOxyJqlIJWOi8su2qzw,PtIWr3v6xUVfeEynILE8Aw,"{'review_id': 'gbdV556V0CxEpU9r7J6yTw', 'stars': 2}"
j8feOxyJqlIJWOi8su2qzw,oWI2rSsR1YruJX8Mu13AKA,"{'review_id': 'ybx0KVxUKneUEoaHqFXd3Q', 'stars': 2}"
tV46IhCfHbsx_af-pMupiw,GRXk1GLFZ0OSW2psh7KTZA,"{'review_id': 'AfP02dCO28qpmXE9uZ9xTA', 'stars': 3}"
tV46IhCfHbsx_af-pMupiw,6Dwh99zbe_lhfOD4MiAM1g,"{'review_id': 'flSYQzczv5ZMCAvAdoNueg', 'stars': 3}"
tV46IhCfHbsx_af-pMupiw,ZRGKVkTkzdHfCmKi-u-1TA,"{'review_id': 'nkYkxDiIojTuIf_K0Vv8cA', 'stars': 5}"
tV46IhCfHbsx_af-pMupiw,QbXz91Z_07dyu3I8rGGthA,"{'review_id': '60KYsmZjadyZPaVpk9ljGw', 'stars': 5}"
tV46IhCfHbsx_af-pMupiw,9z-iN6rkDhDOtxUcr4LoPA,"{'review_id': '1hLYaX3CSmzXlFskqwzBWw', 'stars': 4}"
tV46IhCfHbsx_af-pMupiw,mE4IuD-e7y6HulN9NhMaQA,"{'review_id': 'cBQFLwkEy24bQwc4csO26Q', 'stars': 5}"
tV46IhCfHbsx_af-pMupiw,Nw_qhJuPSsMmNrfU8mBWUw,"{'review_id': '3FqSOZHXkyntrAjYXfOpgQ', 'stars': 4}"
tV46IhCfHbsx_af-pMupiw,SowFib5AkqcKtJnm1CmxJQ,"{'review_id': 'arQDXlXTVvAS7qN98Eeseg', 'stars': 5}"
tV46IhCfHbsx_af-pMupiw,ifUNiLJXX1e2dmV2Fu21fw,"{'review_id': 'lb-4TTqUVm1cHQ3bAwDUHQ', 'stars': 4}"
tV46IhCfHbsx_af-pMupiw,jWIB4yLwEEZSTybmzmU8ig,"{'review_id': 'GbN7prU2SiVzeZuSDHuPkA', 'stars': 5}"
tV46IhCfHbsx_af-pMupiw,y_iD1vf1eBjOemGXUfmKeg,"{'review_id': 'IY8KYNk347pdT6Hm6nrLWg', 'stars': 4}"
tV46IhCfHbsx_af-pMupiw,KsaxLrJpGZ9Na5Sb19AjtA,"{'review_id': 'YMLc15V9sVsAv4VG4G0_Xg', 'stars': 5}"
tV46IhCfHbsx_af-pMupiw,qEERBUCbMJh4cHAvdNhbJw,"{'review_id': 'tpMMOr4kojzZ92urRqMuAw', 'stars': 3}"
tV46IhCfHbsx_af-pMupiw,Qaa2sxNfZyTUcmu2hpGTgw,"{'review_id': 'SVaFF9hTxDJ2De5mS7VL2A', 'stars': 3}"
tV46IhCfHbsx_af-pMupiw,jA6GuTa6LndFxnij_Uf-YA,"{'review_id': 'RL_1HfJiWlDMOzNGSaPUnw', 'stars': 3}"
tV46IhCfHbsx_af-pMupiw,AB0yngmMaj8LiJ2f0ZUuKA,"{'review_id': 'W-0Tn6uBNirB8IbahottIw', 'stars': 5}"
tV46IhCfHbsx_af-pMupiw,rXiA5oq4NH0NINJhTqtF4Q,"{'review_id': 'eHMzJSw1qAH3UsfiwgmrOA', 'stars': 5}"
tV46IhCfHbsx_af-pMupiw,wNMyx3hhJ2jQ5WwYzJhYqg,"{'review_id': '8R9Ltf6HdwULUcKIvU-m8g', 'stars': 5}"
tV46IhCfHbsx_af-pMupiw,QRDz8i2YiMgR2f6r-vGcew,"{'review_id': 'dq0PKei9tB209vQ_YOSW_w', 'stars': 5}"
tV46IhCfHbsx_af-pMupiw,vZqi6fcAbsMjXDUOPzgJtg,"{'review_id': 'jYznJ3uLEoVryFrDvs8ioA', 'stars': 5}"
tV46IhCfHbsx_af-pMupiw,OyIZ-s8YBOfki-fJOwpI4w,"{'review_id': 'Ie0w3FNvU1QnoaFI9HCFGg', 'stars': 5}"
tV46IhCfHbsx_af-pMupiw,DWdnvLW4Fqxi0gIM-WmIDA,"{'review_id': '2bArTNbxoclGtxQOK7WvLg', 'stars': 5}"
tV46IhCfHbsx_af-pMupiw,z6wLiRdIEeA15__huN2HKw,"{'review_id': 'NiSDHagqhLcPsoB3OWKRCQ', 'stars': 5}"
tV46IhCfHbsx_af-pMupiw,QVV_UfXc8oYJjAtunesKRA,"{'review_id': 'qLZj2kQryZbyFZ4anThK5A', 'stars': 2}"
tV46IhCfHbsx_af-pMupiw,lhtDeG9NGafVwDO1IZX8qQ,"{'review_id': 'xudIVbMYwySDjJkLULiK_g', 'stars': 2}"
tV46IhCfHbsx_af-pMupiw,L8HeeuO8JujnMhGdOVFn3w,"{'review_id': 'rMPujr5o6Y4pQsKTd6acyg', 'stars': 5}"
tV46IhCfHbsx_af-pMupiw,YV4uqnCVvdqZ0oZWoOm0jw,"{'review_id': '4a3MUljz9u7QqH7-bhk9tQ', 'stars': 5}"
tV46IhCfHbsx_af-pMupiw,H71_zKdRtG_29K6M-sh2gQ,"{'review_id': '7P_TXJv4b-c6Ue1YvAI9qg', 'stars': 5}"
tV46IhCfHbsx_af-pMupiw,JeSUBc5sO7yGCk_OpHxmNw,"{'review_id': 'jxexbc5YT90jXIAyVtcSqQ', 'stars': 5}"
tV46IhCfHbsx_af-pMupiw,WNIPPmBiXxrJ8ejuGSuAlQ,"{'review_id': '4jHNLeGwi1cOdwPCZZK2iA', 'stars': 3}"
tV46IhCfHbsx_af-pMupiw,_Xp7qtD8XXUWyINtIps4bg,"{'review_id': 'eA2a0VBeTrpbolPT_HLoQQ', 'stars': 5}"
tV46IhCfHbsx_af-pMupiw,i4GAomrj1oyAvv0aS9z5Kg,"{'review_id': 'yTYMsANL7G9hDWa4Q2J2IA', 'stars': 5}"
84oxd-CrUqWFEyft-VOviA,LZzDvgfpkd4nI3E4L9wF1w,"{'review_id': 'inId5jIl40JNHNbVYy2KyQ', 'stars': 4}"
MFH9CK5wuxg7SWZjOtDjEQ,hyeo7JQr5uLp-St1MibYAA,"{'review_id': '9ZIDxJ1foRDjh4af8-0skQ', 'stars': 5}"
MFH9CK5wuxg7SWZjOtDjEQ,zZ01WQlcpI1_n806WKV3bA,"{'review_id': 'k4Mel3sGTS2Sc3DPcwCD2A', 'stars': 5}"
Em84gVlzqjF72hgtxnewug,hyeo7JQr5uLp-St1MibYAA,"{'review_id': 'ken-JTuwad3sSUUUr2E_gw', 'stars': 5}"
AB0yngmMaj8LiJ2f0ZUuKA,muxda1cSVtplETqTfYVgZA,"{'review_id': 'yEPnmSODPiCqT6w6Lm3Igw', 'stars': 1}"
DWdnvLW4Fqxi0gIM-WmIDA,muxda1cSVtplETqTfYVgZA,"{'review_id': 'UFWwVxPuoJpJhmIwop0VUw', 'stars': 5}"
_Xp7qtD8XXUWyINtIps4bg,LZzDvgfpkd4nI3E4L9wF1w,"{'review_id': 'GPeBgOWhZo8qN3rkYHFojQ', 'stars': 3}"
PtIWr3v6xUVfeEynILE8Aw,hyeo7JQr5uLp-St1MibYAA,"{'review_id': 'avKul1fquJn3nbSuBkGzAg', 'stars': 5}"
LZzDvgfpkd4nI3E4L9wF1w,GbLlxD7_IItl_pz1TAdPlQ,"{'review_id': 're8E2R4wLbl6xENSw8hNTQ', 'stars': 3}"
LZzDvgfpkd4nI3E4L9wF1w,VweXxII7bgiqFRfGISgVMA,"{'review_id': 'Io3t8l0SKe-5eBMHY1Rf6w', 'stars': 5}"
LZzDvgfpkd4nI3E4L9wF1w,Yrtw0lxwWvNTT7-ciOvUOg,"{'review_id': 'UAQAjEe8SljgDoJ4HFmo9Q', 'stars': 5}"
LZzDvgfpkd4nI3E4L9wF1w,YELlwStpNGsV9pUibxCbdQ,"{'review_id': 'SOAqWRFJOTg7oOmhSwj6_w', 'stars': 3}"
LZzDvgfpkd4nI3E4L9wF1w,yx-RLod6s28m4JyZjDh7YQ,"{'review_id': 'my2U_TeSOQA7zB3wQTDlUw', 'stars': 5}"
LZzDvgfpkd4nI3E4L9wF1w,y9HcUtyG3N8eowqwHCf6zw,"{'review_id': 'udJw8pZCZLW31OfEYn0t9A', 'stars': 4}"
LZzDvgfpkd4nI3E4L9wF1w,N1VivbaKIFa-SIJ8OPl3Ug,"{'review_id': 'p3FCwNbCgkcE5a-TTWk4TA', 'stars': 5}"
LZzDvgfpkd4nI3E4L9wF1w,rRlJbC9INhJzIVJy3DXoTg,"{'review_id': 'PvnzvevUPQcIv8rRSyheOQ', 'stars': 5}"
LZzDvgfpkd4nI3E4L9wF1w,ch7ChFVrQUuA3eHkAMgVZw,"{'review_id': 'JRPqiGPntrAfGi0MeVr61A', 'stars': 5}"
LZzDvgfpkd4nI3E4L9wF1w,LtbvIBC2FIeckZOglYThXw,"{'review_id': 'osfguFHaJhXAEYrRMfqsvA', 'stars': 5}"
LZzDvgfpkd4nI3E4L9wF1w,4d43By249Njl7gD8PQi5_Q,"{'review_id': 'z0nvkMmZX57vjdwuqC72qg', 'stars': 5}"
LZzDvgfpkd4nI3E4L9wF1w,_kD25UJMaDGYHbhOldbPrA,"{'review_id': '0jePwF9FRboi24m_-v2wTA', 'stars': 3}"
LZzDvgfpkd4nI3E4L9wF1w,lHOzHVU423Y6B0Ma54vMmA,"{'review_id': 'bYWz66ZQsVgEYkoJkLluTQ', 'stars': 4}"
LZzDvgfpkd4nI3E4L9wF1w,tSAii3TxjTrmOV1h0wnYqA,"{'review_id': 'hLHKmXKNxwGasUdaGMjjIA', 'stars': 1}"
LZzDvgfpkd4nI3E4L9wF1w,leZsjZg66vCyNW9XavNihQ,"{'review_id': 'XoCQlOiL80ZAyDJVJflplQ', 'stars': 1}"
LZzDvgfpkd4nI3E4L9wF1w,tjtc2y41Ow9frEGeSv0oRQ,"{'review_id': '8AYu0tDAPEDfSc_MD0u-2Q', 'stars': 5}"
LZzDvgfpkd4nI3E4L9wF1w,F5qTALVah6hHLcGAjDB0XQ,"{'review_id': 'HAjwcwS-3nsFCJYqjn8tpA', 'stars': 5}"
LZzDvgfpkd4nI3E4L9wF1w,fDI7AXffuwVo-i2PwO-bnw,"{'review_id': 'r07dywQ_xo8x2lPQ0eOpNA', 'stars': 4}"
LZzDvgfpkd4nI3E4L9wF1w,Kfmqce5sx3bMXeT561VFZg,"{'review_id': 'Y3LNmBrCuYWji2LgdUe7EA', 'stars': 4}"
LZzDvgfpkd4nI3E4L9wF1w,i3j-CdX1e1GtES4rKoAREA,"{'review_id': 'tXz8NT5VBlcf3k288pOcJQ', 'stars': 5}"
LZzDvgfpkd4nI3E4L9wF1w,-Ii-6rs706QgUVfDnVpP4g,"{'review_id': 'NdAnLs_CQahY4euQcfQZEw', 'stars': 3}"
LZzDvgfpkd4nI3E4L9wF1w,szaVdg5_jXMAirrtmllYIA,"{'review_id': '-hpLGrb-FDrlPtTlLyO8CA', 'stars': 5}"
LZzDvgfpkd4nI3E4L9wF1w,-VD0wLkgY4chxTZFZgrKzA,"{'review_id': 'g_bXeKQAA8B8PWoM-WFhzA', 'stars': 5}"
LZzDvgfpkd4nI3E4L9wF1w,O0Jlmxx8qD3WMefOpiQ-rA,"{'review_id': 'FC96UnOrztlXgcyIbDiyLQ', 'stars': 3}"
LZzDvgfpkd4nI3E4L9wF1w,kbfpED-6FURIsNlsAXqc2g,"{'review_id': '-p5P9lrGX7dU-D-jt8RHEw', 'stars': 4}"
LZzDvgfpkd4nI3E4L9wF1w,w_Mc3nmWyY1sfxTMEp4UHg,"{'review_id': 'zNSKk45I96kdZQoImci1Hg', 'stars': 3}"
LZzDvgfpkd4nI3E4L9wF1w,MyGpAWDL4VswM6eP7dRYcw,"{'review_id': 'BMikG9VAiYZz8-b9p1yiwA', 'stars': 1}"
LZzDvgfpkd4nI3E4L9wF1w,qoGQZu56h0eDty2iWP2HPw,"{'review_id': 'x6uYDgTkpC8utwkPlhRplw', 'stars': 2}"
LZzDvgfpkd4nI3E4L9wF1w,Vi1t9orgfxlJCcqcvy7Jjw,"{'review_id': 'AdgCKN7lkG1QcmiQc3TxPw', 'stars': 4}"
LZzDvgfpkd4nI3E4L9wF1w,KSb77cDx17YhbcO7-dNYdw,"{'review_id': 'u8IFQJOHrgrQIOXiXE-LPw', 'stars': 5}"
LZzDvgfpkd4nI3E4L9wF1w,C5t_e4JuCmNOinq6Y0554g,"{'review_id': 'OiYtYl3g2OsVXEfbeAbVfg', 'stars': 5}"
LZzDvgfpkd4nI3E4L9wF1w,qKHEnb9fAFYWdNebtqXm-A,"{'review_id': 'b0Dv198JsNliPxjSc7HCfw', 'stars': 5}"
LZzDvgfpkd4nI3E4L9wF1w,ov_vV0q91kNwFG7koEhhbw,"{'review_id': 'lTfvdyGwEaPpq6PG0Tc_fQ', 'stars': 5}"
LZzDvgfpkd4nI3E4L9wF1w,5J5akoctu-c28miRgE1TlA,"{'review_id': 'nPtfTiPvBJmRmLolRY6t2Q', 'stars': 3}"
LZzDvgfpkd4nI3E4L9wF1w,mM8G-Rzxhaf1CYWmOoMziQ,"{'review_id': 'hacOdWNNKsCmBw147ICmkw', 'stars': 1}"
LZzDvgfpkd4nI3E4L9wF1w,_LMlezFkSXydijwvMf9FRg,"{'review_id': 'utgtdQKQkQ10agiChtOTXA', 'stars': 1}"
LZzDvgfpkd4nI3E4L9wF1w,eU8oAVZQB7-SZFWFKc5YEA,"{'review_id': 'Fh56JjZP8r5nXiANfW3-0A', 'stars': 3}"
LZzDvgfpkd4nI3E4L9wF1w,Kl7uOQWLBCmQN3phUx9tWA,"{'review_id': 'z8sVJUyNVm-W2BPEozv7vg', 'stars': 3}"
LZzDvgfpkd4nI3E4L9wF1w,_fGju43E8HBbNbvRwT0JfQ,"{'review_id': 'dR7VeNULnufdGsud6hLBRQ', 'stars': 4}"
LZzDvgfpkd4nI3E4L9wF1w,-1bBmIJHeBu8qs7ExxdYaQ,"{'review_id': 'K4HN_akE-DcRmxJa2XwWhw', 'stars': 5}"
LZzDvgfpkd4nI3E4L9wF1w,-BT7yKvo-CY0apW8xzNntg,"{'review_id': '4bOj4sO4bePBcFKIQyDMnw', 'stars': 3}"
LZzDvgfpkd4nI3E4L9wF1w,sUxQgDzUDwD4Sh9Vo-L-ZQ,"{'review_id': 'GAPZGL6hLpqZMlpUjs2-XQ', 'stars': 2}"
LZzDvgfpkd4nI3E4L9wF1w,ai4O31_PNzDXg3G3ENfF_A,"{'review_id': 'BycfU3uYBgUftGf1Av2V3w', 'stars': 4}"
LZzDvgfpkd4nI3E4L9wF1w,XhprWtL2oBC8FLgeZQSY1A,"{'review_id': 'Xn2bFt1TsbLWeoHfwvotWg', 'stars': 2}"
LZzDvgfpkd4nI3E4L9wF1w,nATWwNpLTTLaBgnnnBHHQQ,"{'review_id': '2spZzFUapV7z5OGA4DtJEg', 'stars': 5}"
LZzDvgfpkd4nI3E4L9wF1w,N0Q2RXIq8HtUaQlBUSSOhw,"{'review_id': 'ZzgGr39nBQ0_RDAJQEkGPQ', 'stars': 4}"
LZzDvgfpkd4nI3E4L9wF1w,h-tdiniXt8ymH7HfdIJibw,"{'review_id': 'lQVXDwtC2SEVDhk6dAZIZg', 'stars': 4}"
LZzDvgfpkd4nI3E4L9wF1w,nhGViLJE_hyqmSNQhPCpXQ,"{'review_id': 'UCK2NJOBmOz8hpIvrCJgbg', 'stars': 4}"
LZzDvgfpkd4nI3E4L9wF1w,8N-wlpnH575LFhidEEyFYQ,"{'review_id': 'gHURCgfnp8pU3G--j9mDMg', 'stars': 5}"
LZzDvgfpkd4nI3E4L9wF1w,5WflZVX2YhmelSvsRf1FNg,"{'review_id': 'kAnYICY11X1j6kiUAvHlLA', 'stars': 5}"
LZzDvgfpkd4nI3E4L9wF1w,y_nRpTpmsteDzhdGKLnXiw,"{'review_id': 'sp14Bo6ZxCpyjrA7mkLi-A', 'stars': 5}"
LZzDvgfpkd4nI3E4L9wF1w,yAPROUly_atBeYEaofC0-Q,"{'review_id': 'SNqTDRRnKojJQ3I3bPlZqQ', 'stars': 2}"
LZzDvgfpkd4nI3E4L9wF1w,jljmtCLo2sLG7oxQjbKJ5A,"{'review_id': 'ue393Bx9f7xuyIGMB5eRZw', 'stars': 4}"
LZzDvgfpkd4nI3E4L9wF1w,8YoovyUHrMh2rc_tepgcUA,"{'review_id': '3EIjspQEiHJryPCWp8iaNg', 'stars': 5}"
LZzDvgfpkd4nI3E4L9wF1w,HEMiOqrEAvQXCYpqSp2WdQ,"{'review_id': 'pRuNzA3O5k8ay1mlYQ-HGQ', 'stars': 1}"
LZzDvgfpkd4nI3E4L9wF1w,Zat8q5MtFjWb03XS7shkbw,"{'review_id': '0Vlp256C-9XMMF0qgigjRw', 'stars': 5}"
LZzDvgfpkd4nI3E4L9wF1w,gZJ3bZBXS8pE8chOtV3Jiw,"{'review_id': 'e-6Q9Y1L65oaT1OIvV_VcQ', 'stars': 2}"
LZzDvgfpkd4nI3E4L9wF1w,t89l-cYilb3cd8S76cxSCQ,"{'review_id': 'bzGrQcu-wVZjhmx4XV4B_w', 'stars': 2}"
LZzDvgfpkd4nI3E4L9wF1w,LptaTb5ClLbfJydpOcu9yQ,"{'review_id': 'E5MQuZZ2885cJyBQDeJq1g', 'stars': 4}"
LZzDvgfpkd4nI3E4L9wF1w,f2S_7RqzSyozviwe7HvzRg,"{'review_id': 'oCP6a3W2Y90_iwaWIaaCHA', 'stars': 4}"
LZzDvgfpkd4nI3E4L9wF1w,PbVw4WfUIjrVrM22RGFIhg,"{'review_id': 'FPgcqWsKRP-RJcp6k3q7Fg', 'stars': 5}"
LZzDvgfpkd4nI3E4L9wF1w,a_1AD6ACXLSHpztr1k_bTg,"{'review_id': 'kJ9ilSRbL2hdF7qBJrzYIg', 'stars': 5}"
LZzDvgfpkd4nI3E4L9wF1w,hQQfk5THIxtEdpw7_8G7jw,"{'review_id': 'SIMgtcW2cexOiiwHHmYELw', 'stars': 5}"
LZzDvgfpkd4nI3E4L9wF1w,WyumhT2h8kBMbWuqRvDsXw,"{'review_id': 'eByNJRmcbONTZ7GKSn2lYw', 'stars': 4}"
LZzDvgfpkd4nI3E4L9wF1w,-Cj0hSF8UKqCwG96BTiVgA,"{'review_id': 'ZA1R5D6btHBq_NdJ6D9yqw', 'stars': 5}"
LZzDvgfpkd4nI3E4L9wF1w,Q9TkG8B6XqfnLCLo6mEcYA,"{'review_id': '5NW1tYWpjIt1J2EjU-MjZA', 'stars': 5}"
LZzDvgfpkd4nI3E4L9wF1w,4BSImwUNIesuw8MRrzZ0uw,"{'review_id': 't_OUvfxG1_4qMO79koV7wg', 'stars': 1}"
LZzDvgfpkd4nI3E4L9wF1w,-5d96NJ1oD1aJuMOmKHOzw,"{'review_id': 'YsCR8m9MlZvzmYX3oADFHA', 'stars': 3}"
LZzDvgfpkd4nI3E4L9wF1w,gPvy-s9_MAhVoMQdq9j4lw,"{'review_id': 'jv4P-7Jj5M7pdb8HGbW_Jg', 'stars': 5}"
LZzDvgfpkd4nI3E4L9wF1w,CW1tQLNVw2Hz8Y6oLv9Ulg,"{'review_id': 'j0BQSVHN8EaparFM5T7POw', 'stars': 5}"
LZzDvgfpkd4nI3E4L9wF1w,jUG8EpeUAFB1W-Fqf_h17w,"{'review_id': '8XNhykZ0LXCGjdjhgVd9ew', 'stars': 4}"
LZzDvgfpkd4nI3E4L9wF1w,mZQMZrmh_GrgvnVe1xtIbQ,"{'review_id': 'a1HweR_0_EJ6FSNmjhkmIw', 'stars': 5}"
LZzDvgfpkd4nI3E4L9wF1w,NoLv_00Y6bWdODMS28kfxA,"{'review_id': 'k8f09ePsjpocegwSXlBy2A', 'stars': 5}"
LZzDvgfpkd4nI3E4L9wF1w,bIePnmLIhUCnKug5Tnp9bw,"{'review_id': 'TObjE0ppGZ2UVA_fUZerdg', 'stars': 3}"
LZzDvgfpkd4nI3E4L9wF1w,zBBLjXFxQi6gVxfqRXg5-A,"{'review_id': '5tgmhxt31miO9H0H5JGlvA', 'stars': 5}"
LZzDvgfpkd4nI3E4L9wF1w,adjBo71BHGDfFOfjw6X-3g,"{'review_id': 'lIR8YSvx_jCHqgivV32RTA', 'stars': 1}"
LZzDvgfpkd4nI3E4L9wF1w,uUhBozTHKrShhTIoVe0RxQ,"{'review_id': 'VEJ2qFACA75LstUFUwyM1A', 'stars': 1}"
LZzDvgfpkd4nI3E4L9wF1w,psAjVE1E1XEYyZ4yTfcdYA,"{'review_id': 'e4SHHbOdh2OhNTiW0JHLFQ', 'stars': 2}"
LZzDvgfpkd4nI3E4L9wF1w,uwLjAI7oN0FlMe1uUEs3Gg,"{'review_id': 'VE55bqkWC_0r91xaCt0SiA', 'stars': 5}"
LZzDvgfpkd4nI3E4L9wF1w,ku490pawR6Haw0F5n0iZoA,"{'review_id': 'ybWR5ALtaff2Agkgk9DtpQ', 'stars': 4}"
LZzDvgfpkd4nI3E4L9wF1w,tMtMyryQBDWjm6P0zvBeXQ,"{'review_id': 'DHxfWV7plrQrrqQq_DEo3Q', 'stars': 5}"
LZzDvgfpkd4nI3E4L9wF1w,n2eEBpSwPEoeflDiR-_7yQ,"{'review_id': 't6BkaHMnt5vHJQJ926YiyA', 'stars': 3}"
LZzDvgfpkd4nI3E4L9wF1w,EYESvCr80Y1_VGqm0Xnnew,"{'review_id': 'PiuoBzkj-0BOJ2xGsZKXCQ', 'stars': 5}"
LZzDvgfpkd4nI3E4L9wF1w,IQAv8t66dHK_owsr7WgFxA,"{'review_id': '-U4kFE2Jvct-LlnDsGHKSw', 'stars': 5}"
LZzDvgfpkd4nI3E4L9wF1w,Q7mqQoyYgTVCN6ZL1yjJQA,"{'review_id': 'WEHQ7TAFLVap14XWmjyzrA', 'stars': 1}"
LZzDvgfpkd4nI3E4L9wF1w,QYdjUpa9N3N0J30d0siGKg,"{'review_id': 'Qk9fIDTSPLDK5FLnyjf3Sw', 'stars': 4}"
LZzDvgfpkd4nI3E4L9wF1w,I3lGzM6gOVQ5tR-0xCKUmQ,"{'review_id': 'TFTl2ltnLwmMb9TrIqVkMA', 'stars': 3}"
LZzDvgfpkd4nI3E4L9wF1w,rqAWDVeRgBNleqaVaQdSPw,"{'review_id': 'qjS9M_PD2aq6ivtfaeMTXg', 'stars': 1}"
LZzDvgfpkd4nI3E4L9wF1w,bN81Oze-pYE4kr8XQkz8zw,"{'review_id': 'b5vM-sTpNu_XpXhglxjHrA', 'stars': 5}"
LZzDvgfpkd4nI3E4L9wF1w,v8B3XH7qrIuayoKCHgTICQ,"{'review_id': 'EaZRRKsh2gMy6R4nWEZ72w', 'stars': 5}"
LZzDvgfpkd4nI3E4L9wF1w,zhMsD9GYyGNqw2ir_hkD8A,"{'review_id': 'dglvPtYzr4pz2e6s-dzj6w', 'stars': 5}"
LZzDvgfpkd4nI3E4L9wF1w,dhnl6oWIwtO4CZnpCEoQNA,"{'review_id': 'IDphIEMRu6KGUyWFynB--w', 'stars': 2}"
LZzDvgfpkd4nI3E4L9wF1w,C7a-dUC-CQziOvvcGOBBiA,"{'review_id': '_B1pT9BpqmeTu9SwrUQRlg', 'stars': 4}"
LZzDvgfpkd4nI3E4L9wF1w,sz-6iY15Ukhcgc4CFJJ3xg,"{'review_id': 'sd57Mdr-ynK3Z9Dn3jITfg', 'stars': 4}"
LZzDvgfpkd4nI3E4L9wF1w,qi_v33sBPutpFRPsHlYDWw,"{'review_id': 'I-g3gZdGEnt2ha69E8CEmA', 'stars': 4}"
wj8XtPyuREj8_0GQz3LZ6w,8jHKsZujJj-JMOm_nRFbOA,"{'review_id': 'yacbEah_6dRhNJHyNDWMKg', 'stars': 5}"
wj8XtPyuREj8_0GQz3LZ6w,p_7Xe8aP7jTkVMaAKTo7Sg,"{'review_id': 'zAd6Sd61S1vq-tHATbbuvw', 'stars': 5}"
wj8XtPyuREj8_0GQz3LZ6w,jlsIcCCxm6rW3jaVwC99Ow,"{'review_id': 'jbt92AQ4L3BJ1lwnEgm9rg', 'stars': 5}"
wj8XtPyuREj8_0GQz3LZ6w,HYuHXUgCzwM7-Hfs_lgqfQ,"{'review_id': 'YtM-eD-APmcL0G308DyWug', 'stars': 1}"
wj8XtPyuREj8_0GQz3LZ6w,rnWBnKfXjHXSfpItPJTRkw,"{'review_id': 'RfdGk-EULPjU-z0aX0NtdA', 'stars': 5}"
wj8XtPyuREj8_0GQz3LZ6w,GPD-LaCDiQAEtEBcglArmA,"{'review_id': 'Zg3lHeOnrY-w-lO39dTCVw', 'stars': 5}"
wj8XtPyuREj8_0GQz3LZ6w,nPmIRQt7iPkopV4Rw192iA,"{'review_id': 'fY-2TFV56yDZOhzOB19LbQ', 'stars': 5}"
wj8XtPyuREj8_0GQz3LZ6w,MkVZkoP6mEbugQece4kfdQ,"{'review_id': 'vaavLqurJBX5NELPuPx2GQ', 'stars': 5}"
wj8XtPyuREj8_0GQz3LZ6w,_n2wr_ltdDrRQ7PUj7Gliw,"{'review_id': 'HG-FnPYja2n2Yld9Gx5W6Q', 'stars': 5}"
wj8XtPyuREj8_0GQz3LZ6w,wJqAcLMgW06M1f7Rzj1NiA,"{'review_id': '-3vSEOtF0Xubl1gmEGPBFQ', 'stars': 5}"
wj8XtPyuREj8_0GQz3LZ6w,y-ZVddg5sth_YNO26qdUbw,"{'review_id': 'Fc2q6djmwMZ5p6bTsVz-Fw', 'stars': 3}"
wj8XtPyuREj8_0GQz3LZ6w,sbPvR1f7BEIfcQxUmtg90Q,"{'review_id': 'Q_6BAyKnYsUWkAXMMfixkg', 'stars': 5}"
wj8XtPyuREj8_0GQz3LZ6w,0UDw20_nqNM8f15-UuUkfg,"{'review_id': 'nbGyk0lXCSW84fExz4QRhQ', 'stars': 2}"
wj8XtPyuREj8_0GQz3LZ6w,mVOCRnHC6GwMjiSeNfE_MQ,"{'review_id': 'Bv5WKuz7OxxZrh8k0qtC2Q', 'stars': 5}"
wj8XtPyuREj8_0GQz3LZ6w,z_tqPytGQF_tDw_buHKJcw,"{'review_id': 'PKjx4oSQyidZAwMHO62Osg', 'stars': 3}"
wj8XtPyuREj8_0GQz3LZ6w,G5EcIuBHkZw21WAkZ_CSlg,"{'review_id': '87JIL4rZSK0lRRwjBwWeDQ', 'stars': 5}"
wj8XtPyuREj8_0GQz3LZ6w,oRhadNRLAZRBSvk5u6gKhw,"{'review_id': 'q-1BQwmCEZRUcxMtFnmLxA', 'stars': 1}"
wj8XtPyuREj8_0GQz3LZ6w,NcpacSDdRUVvmmH6sMWXAQ,"{'review_id': 'rYPvu3XI0gcWQpyoZH7GmA', 'stars': 3}"
wj8XtPyuREj8_0GQz3LZ6w,LvvGpkL8XpqyZxR6FVLSUw,"{'review_id': 'emBbG5gP0sLaqIFGbi_hew', 'stars': 5}"
wj8XtPyuREj8_0GQz3LZ6w,R7kfO5DPaHS8mw78hH2zEg,"{'review_id': 'TFY3MAcdKcCVmAW00vT89w', 'stars': 1}"
wj8XtPyuREj8_0GQz3LZ6w,1r8LWhDxDBK0_dMqBVTXtw,"{'review_id': 'SKSLuVAA-a4tVjVp2oF55Q', 'stars': 2}"
wj8XtPyuREj8_0GQz3LZ6w,UB1VFbkIPpUn4xycvt6WeQ,"{'review_id': 'opbXe8k8KGieY4K70sdThw', 'stars': 4}"
wj8XtPyuREj8_0GQz3LZ6w,No2Zqb_yKsEbc3L_BxTukA,"{'review_id': 'dEHcRvCk7WXjxAEsi0f1iQ', 'stars': 5}"
wj8XtPyuREj8_0GQz3LZ6w,-lg4J2SOILBJOxqH4S0x4g,"{'review_id': 'y0GyNU5EwiFO6gOgL8xdAw', 'stars': 4}"
wj8XtPyuREj8_0GQz3LZ6w,Z4X91Cd3EUPBTR2Y6HI0gw,"{'review_id': 'Us-pnKwtMNp42ECo1pQkOw', 'stars': 1}"
wj8XtPyuREj8_0GQz3LZ6w,MSwbOmzr9gOlyO6OQAXF5A,"{'review_id': 'aCx6hvfQgs4dhjvPmZ5Drg', 'stars': 5}"
wj8XtPyuREj8_0GQz3LZ6w,aBwvGsNy1ow5fSPDRSKgIA,"{'review_id': '2PfTq-ArcJ9T56S5CWwbrw', 'stars': 1}"
wj8XtPyuREj8_0GQz3LZ6w,JiROwTNi7oaTCVX6qqFZfQ,"{'review_id': 'liij1BLci8zqAuhQ39sjiA', 'stars': 5}"
wj8XtPyuREj8_0GQz3LZ6w,s7L8OYFx3RqdVozN5_rdRA,"{'review_id': 'BpHLE4LxSJi0kddlY66U_w', 'stars': 3}"
wj8XtPyuREj8_0GQz3LZ6w,Po7E4PyBwQlWk369J2i-nA,"{'review_id': '6Do8zvfNxSWOKB2-axFX3Q', 'stars': 5}"
wj8XtPyuREj8_0GQz3LZ6w,xBof16fwcfpySIVJrgScug,"{'review_id': '2CITXeo-D1yEssjrzf7uaA', 'stars': 5}"
wj8XtPyuREj8_0GQz3LZ6w,UZcgoDFCyr9OGKGCy4ViHA,"{'review_id': '7Katb8zhjC4NkFcZ6iKu0w', 'stars': 3}"
wj8XtPyuREj8_0GQz3LZ6w,FvNlzDsVSpgVj-Y8Bha07w,"{'review_id': 'sOlDKNNpjk6NzDkHSXovog', 'stars': 5}"
wj8XtPyuREj8_0GQz3LZ6w,8oAkiRaGrghWJB0qbbYw2g,"{'review_id': '_0SvJJUSAtBLzbRT3dEdDw', 'stars': 5}"
wj8XtPyuREj8_0GQz3LZ6w,MxcI1dmZr1v7gRLrZSAMGA,"{'review_id': 'iwJ8FGVXlQ92Z7BpjMLJzA', 'stars': 5}"
wj8XtPyuREj8_0GQz3LZ6w,12pzmTrcV3pXj0VWTnUdnQ,"{'review_id': 'dEQFpGtZXsdFOh0sndxDxw', 'stars': 4}"
wj8XtPyuREj8_0GQz3LZ6w,XyD_NQoeZWFIjZ7F1Cvqlw,"{'review_id': 'l4j6C0xR1Pr-ObzWxz41FQ', 'stars': 5}"
wj8XtPyuREj8_0GQz3LZ6w,3YiDkaO5c4sqIxKbmb4jew,"{'review_id': 'g7XN4_JbNWforbgaeMAUsA', 'stars': 5}"
wj8XtPyuREj8_0GQz3LZ6w,z28kakUfbuz8gifg5vyDtw,"{'review_id': 'MNAKe4bsTy7TtNuL4L4pGA', 'stars': 1}"
wj8XtPyuREj8_0GQz3LZ6w,vqNb7C50w376F31OxWrc7w,"{'review_id': 'ZPxyOSkmMdBbNXYlFf_Jzg', 'stars': 5}"
wj8XtPyuREj8_0GQz3LZ6w,-qPeQ_cDRfCnU1qVjNcCOQ,"{'review_id': 'jn47JEw1CVIll-nlzNekTw', 'stars': 3}"
wj8XtPyuREj8_0GQz3LZ6w,rVONIZ9xbSCcN7W0qYwPQA,"{'review_id': 'm5kzAH4mKs2aHIZ0KyFocA', 'stars': 5}"
wj8XtPyuREj8_0GQz3LZ6w,uiBi3V6n_zef4W3Y4qbudw,"{'review_id': 'P430jTfux5DS18_A8MUSlQ', 'stars': 4}"
wj8XtPyuREj8_0GQz3LZ6w,0UfiRGzn53T0WT0bnkh_cw,"{'review_id': 'crzVzlmDhJVL-1hIE6Np-A', 'stars': 3}"
wj8XtPyuREj8_0GQz3LZ6w,MdYPaWRjeN2fPSzUK_OPOg,"{'review_id': 'NPBgSfGXHjXIxgVluiVrfA', 'stars': 5}"
wj8XtPyuREj8_0GQz3LZ6w,lsWuisEc8SzTMq0e6m_l8g,"{'review_id': '8RTIVxwACDUJHg9N9_Re1Q', 'stars': 2}"
wj8XtPyuREj8_0GQz3LZ6w,_CyyodbJIIqjJh0F8IzgHw,"{'review_id': 'EyODZ2vnuT1uffLJL_en6Q', 'stars': 5}"
wj8XtPyuREj8_0GQz3LZ6w,2AfCtgWkuKrV09g2f8KnIA,"{'review_id': '5jq1KwO_cW1OhzCo3yi7KQ', 'stars': 3}"
wj8XtPyuREj8_0GQz3LZ6w,7_ndnuzOJV6cI0meJYBUnQ,"{'review_id': 'ODC0-3D7OW3MXsFQjocjBA', 'stars': 1}"
hyeo7JQr5uLp-St1MibYAA,XZ93a0IHuM-1_YtI_SR73w,"{'review_id': 'oqeZo1fwL84WQJEPAmijvg', 'stars': 5}"
hyeo7JQr5uLp-St1MibYAA,8wtslmC0aMr9Xk-6Ac395g,"{'review_id': 'SIrswfu0w13lrWEr4Q71kA', 'stars': 5}"
hyeo7JQr5uLp-St1MibYAA,UL-TcesFIeFW0VeRLvhY8g,"{'review_id': 'IGsFCUDW53Zr-XpPmJg66g', 'stars': 4}"
hyeo7JQr5uLp-St1MibYAA,xQBqO0t_6tEstUWZ4LvWZQ,"{'review_id': '6jO9eWbzNtIWhMT0x8Iw-Q', 'stars': 5}"
hyeo7JQr5uLp-St1MibYAA,N8nlG4XpbAcB74jEWUVQlg,"{'review_id': 'vnAMQpjUeUkv65cztUI35Q', 'stars': 4}"
hyeo7JQr5uLp-St1MibYAA,s8QwjzKTeQAolEJwP97kAQ,"{'review_id': 'ErWUv-cFQJurgLo9kJxb-Q', 'stars': 5}"
hyeo7JQr5uLp-St1MibYAA,53xkiOptOPdhQGersMTBpw,"{'review_id': '0BPgh3X3ZkTHDATQAnKQ5w', 'stars': 5}"
hyeo7JQr5uLp-St1MibYAA,IRSqYn2H9fSe1BZ4FflMRg,"{'review_id': 'fOONMjIWcDFgJbHRY_4VwQ', 'stars': 5}"
hyeo7JQr5uLp-St1MibYAA,kWsjav1ztq2vrxxmyWqZEA,"{'review_id': 'h8JW5UMGm_mZx1D4zehgzg', 'stars': 5}"
hyeo7JQr5uLp-St1MibYAA,biciPqoEpiMrZudaISFAPg,"{'review_id': 'D_eeg4z_DkyjftHNbDpyHg', 'stars': 5}"
hyeo7JQr5uLp-St1MibYAA,7-GT2O29Ta3koKpowjRB8A,"{'review_id': 'kz_QR7y0NiZJO9-uBDJLWQ', 'stars': 5}"
hyeo7JQr5uLp-St1MibYAA,_vkP0x8r7xs3CIs3WROifA,"{'review_id': 'Yb4NMGnIar9B8LKPQtUaAw', 'stars': 5}"
hyeo7JQr5uLp-St1MibYAA,4b8_y5Sazuk-PmW7VAoqTw,"{'review_id': 'dLIkJYcFtH_RumOYRcKehA', 'stars': 5}"
hyeo7JQr5uLp-St1MibYAA,mGPq1z86MWVWzjjdTwJxPw,"{'review_id': 'SNuG45dOnyfUbUSXCkFqeA', 'stars': 5}"
hyeo7JQr5uLp-St1MibYAA,dQnQzmX63wd89pwZSlglkA,"{'review_id': 'eXCDRPTUg95UZTDiyA-IhA', 'stars': 4}"
hyeo7JQr5uLp-St1MibYAA,y-4UFiUxUpBddI_ZXh6pKw,"{'review_id': '6GiAWSirjrbmTZXlqKEw2A', 'stars': 5}"
hyeo7JQr5uLp-St1MibYAA,VJT1WJScxt6VozKdBl_T0w,"{'review_id': 'uPK6Zl3GciHopLTfMlbUdw', 'stars': 5}"
hyeo7JQr5uLp-St1MibYAA,n0ZW1vJE7qHjcapqR66j-A,"{'review_id': 'eBxFq_zJ0kJJ-tkd_jQeVg', 'stars': 5}"
hyeo7JQr5uLp-St1MibYAA,OqVdFVBoYC7qbnwrHr_QQg,"{'review_id': 'ireKKSDGmSoN174DvNf8uw', 'stars': 5}"
hyeo7JQr5uLp-St1MibYAA,jULiQf32GOzS096DKF-dpg,"{'review_id': 'gzZb4snqC_RN1W51ZqEcLA', 'stars': 5}"
hyeo7JQr5uLp-St1MibYAA,25Xo7-_27i91YxkM1lrHiA,"{'review_id': 'a2l4g2a6B-LYZZzIgNYS4g', 'stars': 5}"
hyeo7JQr5uLp-St1MibYAA,NixKisHMELR9vX8jiFbONQ,"{'review_id': 'cz0wAASZvQdRlQU7SXF2mA', 'stars': 5}"
hyeo7JQr5uLp-St1MibYAA,9ZX9_DKuModmgksJ91j9Gg,"{'review_id': 'sBzbtls7yb5__ZyZBl6koQ', 'stars': 5}"
hyeo7JQr5uLp-St1MibYAA,84c__FzfoewLmecrLBz_fg,"{'review_id': 'P4xo614WmKLlETbbFGvxcQ', 'stars': 5}"
hyeo7JQr5uLp-St1MibYAA,zWCT9orVKs0h-T6NBd0j7Q,"{'review_id': 'Y3SO9zareKSnHqcWB0or3Q', 'stars': 5}"
hyeo7JQr5uLp-St1MibYAA,iB24VK3X2jso8AV0snxRTQ,"{'review_id': '0cQ8izLgZsxg_FyNPmfXXA', 'stars': 5}"
hyeo7JQr5uLp-St1MibYAA,z2D-Odsa681EBih3u9bfBA,"{'review_id': 'BP0q60OnFiYlxXktIM9g9Q', 'stars': 3}"
hyeo7JQr5uLp-St1MibYAA,y9HcUtyG3N8eowqwHCf6zw,"{'review_id': 'pMTilE7yswNdhhEi8MvTaw', 'stars': 5}"
hyeo7JQr5uLp-St1MibYAA,FlubjfIKUo2pM9B-VxccbA,"{'review_id': 'FhH87Q3spTwliOY6YQX-_w', 'stars': 5}"
hyeo7JQr5uLp-St1MibYAA,CmDEtvAdrzqbViNzyShSGA,"{'review_id': '2QKf1gQ_6qzonpNk6oKd7g', 'stars': 5}"
hyeo7JQr5uLp-St1MibYAA,No2Zqb_yKsEbc3L_BxTukA,"{'review_id': '4uTx2DnBCWbnBea7624xhA', 'stars': 5}"
hyeo7JQr5uLp-St1MibYAA,gD77j2yBJ_TNVjno-g7bXg,"{'review_id': 'j73hVL9bP8s3jZtWkYJLBQ', 'stars': 5}"
hyeo7JQr5uLp-St1MibYAA,Xfym7QfuwAktpcy1rm0S8w,"{'review_id': 'pbG_95--gs4bZqXmn7G71Q', 'stars': 5}"
hyeo7JQr5uLp-St1MibYAA,sTkewPrMXQHnOVgtbU6I1w,"{'review_id': 'TwbsYqOHFqmig7PmvoCeew', 'stars': 5}"
hyeo7JQr5uLp-St1MibYAA,ESoRiPxB9fXAR_faRgczBQ,"{'review_id': 'qyIYjJwnvx5yxq9sa7Hg1A', 'stars': 5}"
hyeo7JQr5uLp-St1MibYAA,t_G4Fk8C5H_S7BxlNpxr0g,"{'review_id': '7df9r25L0oJcJMp2mIpH4A', 'stars': 3}"
hyeo7JQr5uLp-St1MibYAA,A6X7x_LtRBtfxW8ka42qgQ,"{'review_id': 'BbMAQwUDix8UkiFnxEogMA', 'stars': 5}"
hyeo7JQr5uLp-St1MibYAA,15cO1NGSGFwIYXOjnWJ50A,"{'review_id': 'NctWynU_2Oze-E7QvNxm_w', 'stars': 5}"
hyeo7JQr5uLp-St1MibYAA,doOTkUPMutPwo5iIXmxTQQ,"{'review_id': 'S_ZAruvosheo8mrr5QPFxw', 'stars': 5}"
hyeo7JQr5uLp-St1MibYAA,jwBj8UOZnlZzNrLAm349dw,"{'review_id': '_FcjvM94HcenhJbm-iUFMw', 'stars': 5}"
hyeo7JQr5uLp-St1MibYAA,Mbf2cftCuXjhsmlaJYW4oQ,"{'review_id': '_0-5dpDn2NGalDOrv7IDyw', 'stars': 5}"
hyeo7JQr5uLp-St1MibYAA,92I3dW8ekUr8cBL-QoMX1Q,"{'review_id': 'zh9thESyHMDgGUSqPz8qCg', 'stars': 5}"
hyeo7JQr5uLp-St1MibYAA,vmlWoqhPqvHqptwm286Rgw,"{'review_id': 'tFXK1qmaVBo-qKAzSODAzQ', 'stars': 5}"
hyeo7JQr5uLp-St1MibYAA,5hEamqTvIy_C6yyS1jk1sw,"{'review_id': 'I39lb2mpVP12Eyit5en6Jg', 'stars': 5}"
hyeo7JQr5uLp-St1MibYAA,iW6rtDRzlD5vPgE4Jwaqbg,"{'review_id': 'UYRBAHn0Ix4IDvDimmRaGg', 'stars': 5}"
hyeo7JQr5uLp-St1MibYAA,NhNYQFaiaLvE9z4gNvgSmA,"{'review_id': 'rD-nGlBHn_svkeSQpU_Kww', 'stars': 5}"
hyeo7JQr5uLp-St1MibYAA,qxBqkNQ64nV-6vVe8Pf2XA,"{'review_id': '6TpcyfuKZuwvhNBRAOgoJg', 'stars': 5}"
hyeo7JQr5uLp-St1MibYAA,NYPIfniT6QMKyGPEf7IIHQ,"{'review_id': '_y5UjxbFSDBREeiUpzH7Og', 'stars': 4}"
hyeo7JQr5uLp-St1MibYAA,bustNBFzpe8HgjQLvczQBQ,"{'review_id': 'um-KUbw0RuhZWStIaMtP6w', 'stars': 5}"
hyeo7JQr5uLp-St1MibYAA,C6bWKOXwGf82-CG_VDV6mw,"{'review_id': 'tcsAOeUCJsrTJmYKygAcEQ', 'stars': 5}"
hyeo7JQr5uLp-St1MibYAA,yULASktz2aoTZ5Mcj_tn9w,"{'review_id': '8LlaiCOLnKdOaL_SxUZ0Lw', 'stars': 5}"
hyeo7JQr5uLp-St1MibYAA,5vCMlkBEAYRJunPqUtc8Qg,"{'review_id': 'XA7IVatGKoygucb1-dkkVQ', 'stars': 5}"
hyeo7JQr5uLp-St1MibYAA,6V0EcgKQ_OPMJIUvQOXp7g,"{'review_id': 'x9cquLEHY7IaAcpsQ5t3pw', 'stars': 5}"
hyeo7JQr5uLp-St1MibYAA,D3huVI9NlDkOgybI241mfA,"{'review_id': 'jJRM8FB0V_qcJ2xP7Q2njA', 'stars': 5}"
hyeo7JQr5uLp-St1MibYAA,wUYjXF8M7z7GPvzjbTvR0g,"{'review_id': 'uUvK1WjbFIb0gN6sW4inog', 'stars': 5}"
hyeo7JQr5uLp-St1MibYAA,DB5uuOamJ5N2RZ5ylqOFQw,"{'review_id': '-6eB5HV0IuKzbZ0nmtq0Fw', 'stars': 5}"
hyeo7JQr5uLp-St1MibYAA,vN2wUfNTsb6VGrd8lQVuvw,"{'review_id': 'Du2vqoZAB8QwnnJqrok8JQ', 'stars': 5}"
hyeo7JQr5uLp-St1MibYAA,OywI0OsfRz9bUix4rCCz9Q,"{'review_id': 'sAWXbXT3sdqlJX1PD8Jzbw', 'stars': 5}"
hyeo7JQr5uLp-St1MibYAA,jF387iAsN_zYVlrr8Xhleg,"{'review_id': 'SxKRd7ak4KozcDlHlCUcuQ', 'stars': 5}"
hyeo7JQr5uLp-St1MibYAA,2mhoDagEK4jszEuOVaetnQ,"{'review_id': 'DA_JR9ipyFW2hB96olPLCg', 'stars': 5}"
hyeo7JQr5uLp-St1MibYAA,iTXlcw_wtdtVOrGrpCXaFw,"{'review_id': 'ajNN_G4Hng-aOSUk-5Ezwg', 'stars': 5}"
hyeo7JQr5uLp-St1MibYAA,tVktLf9cufrtMVt3lNueHw,"{'review_id': 'INmT3B0fAOWaqPqug9wm4A', 'stars': 5}"
hyeo7JQr5uLp-St1MibYAA,dSQYUWxjYyRe1A4l7QFODg,"{'review_id': 'ZL_d6tRviHTAWD64Ht4SNQ', 'stars': 5}"
hyeo7JQr5uLp-St1MibYAA,_q6Om1vMl5IP5cJEnWS6pQ,"{'review_id': '90TcVTnbktt_zfhl-eEUzA', 'stars': 5}"
hyeo7JQr5uLp-St1MibYAA,L801Iu7jYTqAQ0AHcMg3sQ,"{'review_id': 'nAz6OZqcqqmJV8zzyQs9Jw', 'stars': 2}"
hyeo7JQr5uLp-St1MibYAA,mG8VhjyGOmq7O-6TorcbFA,"{'review_id': 'T7nYBN6lHt1I1GHJRme5sw', 'stars': 5}"
hyeo7JQr5uLp-St1MibYAA,nSRjFxowDIgxgvxS1VrEMQ,"{'review_id': 'atagYLRtZeD24LpTltsAhw', 'stars': 5}"
hyeo7JQr5uLp-St1MibYAA,cBZkhWw2oSbipc2fh49gYw,"{'review_id': 'P34CNPOerGOqCOBao-TI5g', 'stars': 5}"
hyeo7JQr5uLp-St1MibYAA,3aahcqkOiMCYfCOA72Hdzw,"{'review_id': '-NtEIgIlmHLiMDgmTFm4Lw', 'stars': 5}"
hyeo7JQr5uLp-St1MibYAA,WWAxinE_ZQ-XEQNcDmnXNw,"{'review_id': '3zCT6PwdoZ_detlFBZjSrg', 'stars': 5}"
hyeo7JQr5uLp-St1MibYAA,C3zVTrkDLyX5TDgllpJzGw,"{'review_id': 'HH-NWn5eMMVssr3itH4ppQ', 'stars': 5}"
hyeo7JQr5uLp-St1MibYAA,QA-RuNjKU6R2wbllkRWUaw,"{'review_id': 'CJyuUD1D6cSZY7UFDE8iTQ', 'stars': 5}"
hyeo7JQr5uLp-St1MibYAA,bv00T6Bw4BQJXW01UomhsA,"{'review_id': 'RZLLYq400Ae1-ZqBXzjljQ', 'stars': 4}"
hyeo7JQr5uLp-St1MibYAA,Mj5ubOoNScNf64b9bCvksg,"{'review_id': 'pb85-Ahpz7RJG-VJGw86wQ', 'stars': 2}"
hyeo7JQr5uLp-St1MibYAA,zZiI7y_iM0WgOGpRBJx63w,"{'review_id': '6x19g9YSG6U2KKkbsYv6_g', 'stars': 5}"
hyeo7JQr5uLp-St1MibYAA,nSlzT6Nz0wmbeTyTFlPynQ,"{'review_id': 'leAWRlWtcQ-PEaH5o-lgsA', 'stars': 1}"
hyeo7JQr5uLp-St1MibYAA,glv7NwPTYMEuq90lQhhnlw,"{'review_id': 'XuFjGHHG7Qn30Kh7w8Ht1w', 'stars': 4}"
hyeo7JQr5uLp-St1MibYAA,4PbyEkR8CZJdgxg6CTGQUw,"{'review_id': 'rNCjBXFCFTaD70S9z1JbSQ', 'stars': 5}"
hyeo7JQr5uLp-St1MibYAA,EtHLaxfHeBgtXs4ZU7uo9w,"{'review_id': 'EZKkhnBFbAEoO2pA6EP9mw', 'stars': 5}"
hyeo7JQr5uLp-St1MibYAA,Cz8ms1eerp4Mg2_bABHIaQ,"{'review_id': 'x_8Jei_zWON1SujG8-zvLg', 'stars': 5}"
hyeo7JQr5uLp-St1MibYAA,6nJRGKJpJs4n_losLXW3qw,"{'review_id': 'A4QXWbV8HlSa-BSZ3k8UUg', 'stars': 5}"
hyeo7JQr5uLp-St1MibYAA,h-BXH0jTiDWGskz2RZtBLQ,"{'review_id': 'uu_oBm81648adAZ-DnDgbA', 'stars': 5}"
hyeo7JQr5uLp-St1MibYAA,KasdQe-bAR7TFk4gNQ0aNg,"{'review_id': 'WxH_gAFO0pfKbsjA2AL3bA', 'stars': 5}"
hyeo7JQr5uLp-St1MibYAA,_qks_jZFOKSQMaSyfJp0Vg,"{'review_id': 'aQlkoQ9Lccf0MFHzV68crw', 'stars': 5}"
hyeo7JQr5uLp-St1MibYAA,K62ue01TpDBwjE-6g6WxgA,"{'review_id': 'v4wQEPG58OvhqplbDUAQ1w', 'stars': 5}"
hyeo7JQr5uLp-St1MibYAA,2Lza8xx2QQZeMAzanjPndQ,"{'review_id': 'Uo3J8GN5ydgBBoSQw9rJ6w', 'stars': 5}"
hyeo7JQr5uLp-St1MibYAA,v5oq1zofKk5g2MEyEQSVDQ,"{'review_id': '0S4qRMyk8IGnMYYEVNLIbw', 'stars': 5}"
hyeo7JQr5uLp-St1MibYAA,bJ2Z2TXZWvZn6GGJQMz7Iw,"{'review_id': 'w-KyqfQ8GFZq1gCW9Yk_qA', 'stars': 5}"
hyeo7JQr5uLp-St1MibYAA,RMAVbJ70mDYOL5JLtiUqUQ,"{'review_id': 'lHahF7LS9q0rFrDBfqdP5w', 'stars': 5}"
hyeo7JQr5uLp-St1MibYAA,TmQ8Y7B4DfMAJucfG9tvPg,"{'review_id': 'FrjHmaVnbb0rByFjLHA6LQ', 'stars': 4}"
hyeo7JQr5uLp-St1MibYAA,MGkkr8cZJDHThfsd8dhv1g,"{'review_id': '-cBrtYk3gfolfL0n6LYoDA', 'stars': 5}"
hyeo7JQr5uLp-St1MibYAA,hj1ecQm65WLnmWCOmA2SwA,"{'review_id': 'fsp3gAKEAjq1KWYaTa5ShQ', 'stars': 5}"
hyeo7JQr5uLp-St1MibYAA,3Pp8S-cFyiKHghXUK2h9BQ,"{'review_id': 'ZHQtVOKIEpuea3KMC76oKQ', 'stars': 4}"
y9HcUtyG3N8eowqwHCf6zw,zZ01WQlcpI1_n806WKV3bA,"{'review_id': 'wnGN8nFwzILOPsAFDjc8iw', 'stars': 5}"
y-4UFiUxUpBddI_ZXh6pKw,zZ01WQlcpI1_n806WKV3bA,"{'review_id': 'D3xqhpZDVgG7QUR0HsVW7Q', 'stars': 4}"
eU8oAVZQB7-SZFWFKc5YEA,muxda1cSVtplETqTfYVgZA,"{'review_id': 'jdPDuofavNtv3IYKTsaW-g', 'stars': 5}"
_fGju43E8HBbNbvRwT0JfQ,Rv8bW3pkzpi5dZu5ckbgtA,"{'review_id': '2HNon7F8fnvRvL66p6G-OQ', 'stars': 4}"
No2Zqb_yKsEbc3L_BxTukA,zZ01WQlcpI1_n806WKV3bA,"{'review_id': '5fLcCIuV_T-HjhP-m1mqfA', 'stars': 5}"
XhprWtL2oBC8FLgeZQSY1A,Rv8bW3pkzpi5dZu5ckbgtA,"{'review_id': 'XgzLQK6ZD0rljlsZLmAGLQ', 'stars': 4}"
mZQMZrmh_GrgvnVe1xtIbQ,zZ01WQlcpI1_n806WKV3bA,"{'review_id': 'nT7CgVWOWtVfMkPyXwlhKQ', 'stars': 5}"
rVONIZ9xbSCcN7W0qYwPQA,Rv8bW3pkzpi5dZu5ckbgtA,"{'review_id': 'h3VCxPgEW-G_WloCmtUFHg', 'stars': 2}"
TmQ8Y7B4DfMAJucfG9tvPg,zZ01WQlcpI1_n806WKV3bA,"{'review_id': '9MuyUCKmbw_ZDpLMZbL83A', 'stars': 4}"
muxda1cSVtplETqTfYVgZA,jfeKSBBx3m-ssyrG8ppZGw,"{'review_id': 'K22rmqZ53j5-68zX3DSnyQ', 'stars': 5}"
muxda1cSVtplETqTfYVgZA,dICvQFWYZ1WWxyf46CCJtA,"{'review_id': 'eUuT7sZKVpjv2xHAyTLbFg', 'stars': 1}"
muxda1cSVtplETqTfYVgZA,hL7iJufg0m42xOvT3r_dgQ,"{'review_id': 'DqDlnWUaXsaUVi6cdO0X2g', 'stars': 5}"
muxda1cSVtplETqTfYVgZA,7B5QRcrPKAATBAhBnK0SfA,"{'review_id': '_XYJm0DPTvnW6D5c0KNXGA', 'stars': 4}"
muxda1cSVtplETqTfYVgZA,SqF-hhrcTxIu2uXoKYHwcQ,"{'review_id': 'fJQixrmdkhcZaSslhhYPXQ', 'stars': 5}"
muxda1cSVtplETqTfYVgZA,QkIX2YsSQ65-p2IQdFx3eg,"{'review_id': '7cfB9QLeYURhDRm5zv57pA', 'stars': 5}"
muxda1cSVtplETqTfYVgZA,3v91_fzm8peA6gSprdAXIw,"{'review_id': 'f2wj9FgFiOwYw9KLjFpa1A', 'stars': 5}"
muxda1cSVtplETqTfYVgZA,nt0Kl8ZH8rcLtIE7w_bftw,"{'review_id': '2qvwo4W96piYW0pUq79ddw', 'stars': 5}"
muxda1cSVtplETqTfYVgZA,B0fzg0eUWplNBzfSJsCFDg,"{'review_id': 'KazvSnAwpv-s0we2y329nQ', 'stars': 4}"
muxda1cSVtplETqTfYVgZA,JTegUiKlmLNyTn0AdPSKbA,"{'review_id': 'LMjs9Oga7-8GkQjZh8Xnkg', 'stars': 5}"
muxda1cSVtplETqTfYVgZA,O9dheoqF3dc3RdGwMTKndQ,"{'review_id': 'emo2d203DvFT1yIQmdO1Fw', 'stars': 5}"
muxda1cSVtplETqTfYVgZA,ZPxj0I5yWI8BqJgtqNrFBA,"{'review_id': 'Qou_pCY6zgnGNEl5Yqs3BA', 'stars': 5}"
muxda1cSVtplETqTfYVgZA,BVTDUseQeiMvOnpSmULtZg,"{'review_id': 'mNKns2MdwQLfP9HTwHZGcA', 'stars': 5}"
muxda1cSVtplETqTfYVgZA,gf8gHQdYksmMXIJXd12e8A,"{'review_id': 'J8QcSgbXEG-owazL5eLHFQ', 'stars': 4}"
muxda1cSVtplETqTfYVgZA,H1bl3MtIWtrwqeGLFpqAuQ,"{'review_id': 'cXHwa0Onsw-U9JpSpbJxFw', 'stars': 5}"
muxda1cSVtplETqTfYVgZA,jv2iS0J6ywbVy2VghByIDA,"{'review_id': 'PNAoaLPOfho1r6JLvEi-VA', 'stars': 5}"
muxda1cSVtplETqTfYVgZA,6AdrZWeSlMFF0WbM7QweMw,"{'review_id': 'B48lOBY0L9wx80e5o3BcxA', 'stars': 5}"
muxda1cSVtplETqTfYVgZA,ubPIvYWx8F75d1kZDyPUQw,"{'review_id': 'FG_YNMWwOQtHCtUWOU3FrQ', 'stars': 3}"
muxda1cSVtplETqTfYVgZA,hSRuZ1J-a7fzOLS4NMbw8w,"{'review_id': 'iM3SCV22jSDCGiDx1ZKhng', 'stars': 5}"
muxda1cSVtplETqTfYVgZA,TdW0cBuTjpv1DHXiZble9w,"{'review_id': 'so-rcgA6M85CGYXTpfhaCQ', 'stars': 5}"
muxda1cSVtplETqTfYVgZA,_y4ZgRWfbbbbj9NxcaxsKw,"{'review_id': 'c_xOy5E1pJyI7iGW8HEpBg', 'stars': 5}"
muxda1cSVtplETqTfYVgZA,RFLqtMdMzA2xn9qnDAPHDw,"{'review_id': 'YiJkipYupIrMq10Y9K63Rw', 'stars': 5}"
muxda1cSVtplETqTfYVgZA,CIlq8amfQf1xKgWsiF_utQ,"{'review_id': 'Fm53pQNlrxPIy28PVtZCAA', 'stars': 4}"
muxda1cSVtplETqTfYVgZA,hNLScKTsZT2S00xqzYWFWQ,"{'review_id': 'LvXUTXNJxRzsqjhiY2-rdw', 'stars': 5}"
muxda1cSVtplETqTfYVgZA,uYMtYsN1dW8uEI_5xmxZfg,"{'review_id': 'D1Qv_ICjSumI0UO6wLMh0Q', 'stars': 5}"
muxda1cSVtplETqTfYVgZA,oYVFYCsOjwL8_ozCLZfpcA,"{'review_id': 'sSZHjRYZ6V5g1eB9t2DWrQ', 'stars': 5}"
muxda1cSVtplETqTfYVgZA,XLICdv7WYvhxGU5hHnj60Q,"{'review_id': 'mxphVaHAhiEz4c0SvsRTiw', 'stars': 1}"
muxda1cSVtplETqTfYVgZA,FXIdAS8kV61dacBrP3MRmw,"{'review_id': 'UmZgtLrWx1hFt0RshfFpCw', 'stars': 5}"
muxda1cSVtplETqTfYVgZA,e1Au0t1HHaNE6VRWvLPOYg,"{'review_id': 'STKbxqLwJKKuYSr5JBd17g', 'stars': 5}"
muxda1cSVtplETqTfYVgZA,dmBP-m0PQyidYtXx2SKtoQ,"{'review_id': 'Tt52Mnx5-UDH02Qk_hfY-Q', 'stars': 4}"
muxda1cSVtplETqTfYVgZA,0VKzk73u00KHzjDNPXrQkw,"{'review_id': '1f46eYtQvhCqowjVfM_BYA', 'stars': 5}"
muxda1cSVtplETqTfYVgZA,HwcSALgJvjiXEVswLFHvJg,"{'review_id': '-NVfN27ui7ZxM78qY0N9pg', 'stars': 4}"
muxda1cSVtplETqTfYVgZA,fL_hQmjCv_Dy3psdjnn-Zg,"{'review_id': 'fv8IXmVuG0kcf9ZmGwFHMA', 'stars': 5}"
muxda1cSVtplETqTfYVgZA,HADXlfT_gf-XgOoNLqVyBw,"{'review_id': 'IAST6cVQioK7qOCI7pydDw', 'stars': 5}"
muxda1cSVtplETqTfYVgZA,p1wk8e27Dl4rf1ljLn0sRQ,"{'review_id': 'PysxCTZHiYW2a8KrJ9axgg', 'stars': 5}"
muxda1cSVtplETqTfYVgZA,8pgQqEJV51ss4mlwd0xoqw,"{'review_id': '0Ztlnu5596MYcK53Mv1wsQ', 'stars': 4}"
muxda1cSVtplETqTfYVgZA,0PZuMhTKFx0-H5X0WcXhKQ,"{'review_id': 'sED6xVFFK6gzHuudvWgA_Q', 'stars': 4}"
muxda1cSVtplETqTfYVgZA,ay4gq1_kPshFLW3e3FRjZQ,"{'review_id': 'Og8-B0MYCAJHcI7KBySO8A', 'stars': 5}"
muxda1cSVtplETqTfYVgZA,Cy6HRako65rKCh09TqdP_A,"{'review_id': 'XSKsLnMGrX52NUStsU4YRA', 'stars': 4}"
muxda1cSVtplETqTfYVgZA,TsuSXVUYLbXtMXzZyOXgUg,"{'review_id': 'H2Ox24Lrv_aRRB9jOr10Nw', 'stars': 5}"
muxda1cSVtplETqTfYVgZA,WN5Fg3y6QiVFvX5CTg_ILQ,"{'review_id': 'Wap3VgTKUe38QSUPezKNXw', 'stars': 5}"
muxda1cSVtplETqTfYVgZA,wAzTnl-fdkiAPU75CJWJog,"{'review_id': 'gRhHiJR8ZbezYRafdIVhYA', 'stars': 5}"
Rv8bW3pkzpi5dZu5ckbgtA,NRLZRwxMYDcySTsAM8FLXw,"{'review_id': '-TcLMG2dgCtRg6NUcSON9w', 'stars': 3}"
Rv8bW3pkzpi5dZu5ckbgtA,_oUaFDAwGdDNu6KJ-f47BQ,"{'review_id': 'NXa0g81v-qGcW65WGPHrSg', 'stars': 5}"
Rv8bW3pkzpi5dZu5ckbgtA,LjetKpooZhQjZPFmI5MqBg,"{'review_id': 'ie4OXfSIiTsR6-ukEyeQMg', 'stars': 1}"
Rv8bW3pkzpi5dZu5ckbgtA,MuY329kFTxsjFzk92UT4dg,"{'review_id': 'iJC2LCGt2-Hy_crPCo98ZQ', 'stars': 5}"
Rv8bW3pkzpi5dZu5ckbgtA,5_j6mAsGVNcJmbmelC9KXA,"{'review_id': 'ksMZjuoYwNa5k0unPgn4FQ', 'stars': 5}"
Rv8bW3pkzpi5dZu5ckbgtA,dvu83QWKsnnbGvNVQ3mv7A,"{'review_id': 'QkU2DGhh008AYGOuEPSNeg', 'stars': 4}"
Rv8bW3pkzpi5dZu5ckbgtA,2XStC_THWHP0f7xCSFUEtg,"{'review_id': 'hz9u3Lu4STUz08IRFAtovA', 'stars': 5}"
Rv8bW3pkzpi5dZu5ckbgtA,0jJmuCUGCrs1s9UKpOw_OA,"{'review_id': 'U6-YHQnyBiR5YcEsSK36bQ', 'stars': 5}"
Rv8bW3pkzpi5dZu5ckbgtA,oAMOMdHnO4z5KsO67E8L2Q,"{'review_id': 'oDrHRHToCZLiWwA3aFOwqw', 'stars': 1}"
Rv8bW3pkzpi5dZu5ckbgtA,AqBNpXElwesY8zwGXQ2xbA,"{'review_id': 'nQt2rlQh3c2c3lbwEMRztg', 'stars': 4}"
Rv8bW3pkzpi5dZu5ckbgtA,0944lEj-4HjS8priVd385Q,"{'review_id': '4mxU4DzYVISm-ApSk9ovVA', 'stars': 5}"
Rv8bW3pkzpi5dZu5ckbgtA,nho1XjUu5NXEq1lQubMgMg,"{'review_id': 'V6j_qTXxDZSdM92zRJTc7g', 'stars': 5}"
Rv8bW3pkzpi5dZu5ckbgtA,srfEK_-HRq6E-1XkS7NEyw,"{'review_id': '9ccZE-Rzk3UOIzcf69VuRw', 'stars': 5}"
Rv8bW3pkzpi5dZu5ckbgtA,Sv8fbZ-VGg76X80narOPJA,"{'review_id': 'V2VPGpQQIvf4_BXnB3qxiw', 'stars': 4}"
Rv8bW3pkzpi5dZu5ckbgtA,tHcaA_yMJMb4HykDjvq9wA,"{'review_id': 'mXWPd0KGgJKv4wxxWM5HiA', 'stars': 5}"
Rv8bW3pkzpi5dZu5ckbgtA,_Xk7e0v8q6HPk1p1rToYHQ,"{'review_id': 'vltN__TY-9HyHpkSTxKGHQ', 'stars': 5}"
Rv8bW3pkzpi5dZu5ckbgtA,C6WPWVFn1Ri5TRJWXVdIfg,"{'review_id': '9pEI3uiG9fTDjMmslPj68Q', 'stars': 5}"
Rv8bW3pkzpi5dZu5ckbgtA,r704w0Qy1YPdKVi7YxUSJw,"{'review_id': 'YpRskrObB_stzQeMIJwrnA', 'stars': 4}"
Rv8bW3pkzpi5dZu5ckbgtA,peLS_wv-OPJUkRre4HgJZw,"{'review_id': 'HomHmx-N97qJQJ1SHMpifw', 'stars': 5}"
Rv8bW3pkzpi5dZu5ckbgtA,Gdg3-QmnM1croS72Cae6iA,"{'review_id': 'aM5eq5B1ZBZTwpIowPpZuw', 'stars': 2}"
Rv8bW3pkzpi5dZu5ckbgtA,KtjY6g5K5oE3nb7HXDES6w,"{'review_id': 'HbVlLxt4Gh3rZxtoouIaFw', 'stars': 2}"
Rv8bW3pkzpi5dZu5ckbgtA,cvTBWEdeE5xgOGFuLmvgwQ,"{'review_id': 'lDGivy1m_2P6A83rY7r4JA', 'stars': 1}"
Rv8bW3pkzpi5dZu5ckbgtA,C01uft9vbD8ak5NRr12elA,"{'review_id': 'Qgf18xl0EZh-iWwYapCNvw', 'stars': 5}"
Rv8bW3pkzpi5dZu5ckbgtA,MVtBne5YZBuXmGy5i3nr6Q,"{'review_id': 'N7UUUEWgEdXW7XC5h2lw8w', 'stars': 5}"
Rv8bW3pkzpi5dZu5ckbgtA,ULx_xnj_bq3sNSRB1IG1gw,"{'review_id': 'sli4MFbsjrdJ-T6Lnd-vbg', 'stars': 5}"
Rv8bW3pkzpi5dZu5ckbgtA,KArFQk5lgQRCLhybG-_Gow,"{'review_id': 'h78PHtp0KOYz4pOSX7et9g', 'stars': 5}"
Rv8bW3pkzpi5dZu5ckbgtA,SZbB4QYIIk-vptz7MmHbuA,"{'review_id': 'cpJEZu7ZwmVc3JRoo77E7Q', 'stars': 5}"
Rv8bW3pkzpi5dZu5ckbgtA,sH_FgFwbGkClUzAwOCgZXg,"{'review_id': '2VW-TIjxhjNL6waQ3t--Pg', 'stars': 3}"
Rv8bW3pkzpi5dZu5ckbgtA,d_bBC6fG1hzK9oY222XOVw,"{'review_id': '8PocCFcNwWH5g7r1wnhW5Q', 'stars': 5}"
Rv8bW3pkzpi5dZu5ckbgtA,y7FFUW0imZfpR3ZEOHQ-0g,"{'review_id': 'fO0kb7N5E_4LSNBWOcwOBQ', 'stars': 5}"
Rv8bW3pkzpi5dZu5ckbgtA,O8pmOUUPYKqzrRZbIEWatw,"{'review_id': 'J6fSIIkgqt17Lt9iOdUB0A', 'stars': 5}"
Rv8bW3pkzpi5dZu5ckbgtA,ClXXhAlP7LwA0yQNkY9ewQ,"{'review_id': '4jYPtNXg0i5xMCzKsNgJJw', 'stars': 5}"
Rv8bW3pkzpi5dZu5ckbgtA,9cLyJWjfIc-xnWOmmHHt-Q,"{'review_id': 'PjRyYhneaRDIIlgde1bGqQ', 'stars': 4}"
Rv8bW3pkzpi5dZu5ckbgtA,kIDlywok_2Mjg38im_CMTA,"{'review_id': '1gdVPHqafuImwn1i73OzOA', 'stars': 5}"
Rv8bW3pkzpi5dZu5ckbgtA,Gw0eU3DATiFUnIlSpVy5mw,"{'review_id': '4kXA0Apmb2aLrd1UhlcdMA', 'stars': 5}"
Rv8bW3pkzpi5dZu5ckbgtA,N1jGs175c_jA5WI79g1ArA,"{'review_id': 'NSOMjNWZd3ip9HyhunoGlQ', 'stars': 5}"
Rv8bW3pkzpi5dZu5ckbgtA,uEgSqzLxVPGbwpObip8JlA,"{'review_id': 'MgPU-l2iIq4dZAHyLgOOUw', 'stars': 5}"
Rv8bW3pkzpi5dZu5ckbgtA,bvAiCtI7CAiZmkVL3kFoQw,"{'review_id': 'bL9CHKKoi9U9g80o5aVvbQ', 'stars': 5}"
Rv8bW3pkzpi5dZu5ckbgtA,mfa0JvT6o7x7A1QvO_qDXQ,"{'review_id': 'OAVxwZicZ0w5MJeTjiuEQQ', 'stars': 4}"
Rv8bW3pkzpi5dZu5ckbgtA,pmAB3_SkUG-netiYT6cdcw,"{'review_id': '3pe64tJPl0DO8s3y1XmjuQ', 'stars': 5}"
Rv8bW3pkzpi5dZu5ckbgtA,VzmTYEALHCUeXmQCa0Pn_w,"{'review_id': 'fPFOqiQ2iUjYRQG6PPM4OQ', 'stars': 1}"
Rv8bW3pkzpi5dZu5ckbgtA,dIXgEu6WIo5IuNCcWPL3NA,"{'review_id': 'Wix0old4DCrC48_JqRrNBg', 'stars': 4}"
Rv8bW3pkzpi5dZu5ckbgtA,GhuOzh0hkECFsjEn76uX6Q,"{'review_id': '3QKzVE_Z5RccnDvf9y3T2w', 'stars': 5}"
Rv8bW3pkzpi5dZu5ckbgtA,L_A-PA15qblApJnvAAavFw,"{'review_id': 'LBzx8sxCruKgGahq2PIhpQ', 'stars': 4}"
Rv8bW3pkzpi5dZu5ckbgtA,Z8B9zomiS4SgcEveFXplWQ,"{'review_id': '1g_nppWPvM1VIdLzQT-Oug', 'stars': 1}"
Rv8bW3pkzpi5dZu5ckbgtA,Pvle-NfidDUnJwGccAWZlg,"{'review_id': 'IVkgfiI_qzerxr0tmNdnmA', 'stars': 5}"
Rv8bW3pkzpi5dZu5ckbgtA,pW4LS2GxrU1nLzhl3Bn1jA,"{'review_id': 'gYe0Y2cpeNwXC1tJUA8HTw', 'stars': 5}"
Rv8bW3pkzpi5dZu5ckbgtA,5BIhkthDtf7Gt2QUd61Zpg,"{'review_id': 'aB_eVZj5UCRwcegWDZGkzg', 'stars': 5}"
Rv8bW3pkzpi5dZu5ckbgtA,s6fzF2pSnUebFyVhGjh_SQ,"{'review_id': 'w2ttLXisDPt7uecnVLeMGA', 'stars': 5}"
Rv8bW3pkzpi5dZu5ckbgtA,nLmiIk6EyO6pFTCb-Ly3Rg,"{'review_id': 'bQapG12CuQLV6qbBLZCdqg', 'stars': 5}"
Rv8bW3pkzpi5dZu5ckbgtA,_vUwz9CEkozy5IOvSFalWg,"{'review_id': 'Rm1dLz5StoElOnaLcv33Ow', 'stars': 4}"
Rv8bW3pkzpi5dZu5ckbgtA,5ZvYX6zvTKWXq3GAAuZqyQ,"{'review_id': 'ngXSuF1ttUIdVyhoJ3XHAg', 'stars': 5}"
Rv8bW3pkzpi5dZu5ckbgtA,EapC6E-EK8QHJlPl_kOqcw,"{'review_id': '2EMwKxo1lnDbo89nUxbgwQ', 'stars': 5}"
Rv8bW3pkzpi5dZu5ckbgtA,ey_PLL6zUf-a4tRyd2JQQg,"{'review_id': '56bZCAkfblJq5TxqdCB_3A', 'stars': 5}"
Rv8bW3pkzpi5dZu5ckbgtA,gIHi4lcI0mYES8zHV94w1A,"{'review_id': 'NCSRfa4wD9YGB-SHYgDr2Q', 'stars': 3}"
Rv8bW3pkzpi5dZu5ckbgtA,lWO0LeHZ1da5Iw2lRs4SHg,"{'review_id': 'lzj6hwlfuYFRPuJn91rRyA', 'stars': 1}"
Rv8bW3pkzpi5dZu5ckbgtA,CwnMLEwolfs6w83bz758sA,"{'review_id': 'ego8K-qqIwaDAHFFIEIr3A', 'stars': 3}"
Rv8bW3pkzpi5dZu5ckbgtA,tlL0vJhwRnHz7RIeY0SXAg,"{'review_id': '1AYc2OO5PqptKwPEB18jig', 'stars': 5}"
Rv8bW3pkzpi5dZu5ckbgtA,6gd57_Thh6T7nFATQlliqg,"{'review_id': 'hzXzP5vl2beT4EVyb3MdPw', 'stars': 1}"
Rv8bW3pkzpi5dZu5ckbgtA,-633u9KXCXn7HGEmqb_SGw,"{'review_id': 'pFMkOipyrn0Sho4n9BncJQ', 'stars': 5}"
Rv8bW3pkzpi5dZu5ckbgtA,et4VvAK17LcE4Y5o3s1zxw,"{'review_id': 'AekPvppUqj2o_vjcDkkoWA', 'stars': 4}"
Rv8bW3pkzpi5dZu5ckbgtA,UC3P8aqDcB4qwnmp94b2KQ,"{'review_id': 'fWdxx1G2O9ZQKh1-Jr_tYg', 'stars': 5}"
Rv8bW3pkzpi5dZu5ckbgtA,VNZs9Ub13_doL4nXqiMRyA,"{'review_id': 'qlHpPFsopt_JU8QfpAQZ1A', 'stars': 2}"
Rv8bW3pkzpi5dZu5ckbgtA,OfxGLGjb0d4eHQeeFhxFjg,"{'review_id': '8PFFJ1sNwtDToda29wM3Eg', 'stars': 5}"
Rv8bW3pkzpi5dZu5ckbgtA,VL_K_LwlmHhqsoQpI0EWzg,"{'review_id': '_umx_4pA4KHPHQBPPrBAlg', 'stars': 5}"
Rv8bW3pkzpi5dZu5ckbgtA,KmFPTnej00k55LtLd6yMEQ,"{'review_id': '9JT9JD0djU0Q7lC16H_vzQ', 'stars': 4}"
Rv8bW3pkzpi5dZu5ckbgtA,qzQKbWNiKHJTal3w9asq-g,"{'review_id': 'nPpV9rJ-GZIel21C-j6F2Q', 'stars': 5}"
MuY329kFTxsjFzk92UT4dg,zZ01WQlcpI1_n806WKV3bA,"{'review_id': 'gyn5kcIPSjnI0_ebuaBqEg', 'stars': 3}"
gf8gHQdYksmMXIJXd12e8A,zZ01WQlcpI1_n806WKV3bA,"{'review_id': '2JlrdlqmlVYI8jtfqXXcbA', 'stars': 4}"
0PZuMhTKFx0-H5X0WcXhKQ,zZ01WQlcpI1_n806WKV3bA,"{'review_id': '-Ygf5kBcGAZPXKg0dt2YBg', 'stars': 4}"
Cy6HRako65rKCh09TqdP_A,zZ01WQlcpI1_n806WKV3bA,"{'review_id': 'YxT1LJdACl6uoFbFwQES7g', 'stars': 3}"
zZ01WQlcpI1_n806WKV3bA,rbcUz8-h4lbafyHhBxwdLA,"{'review_id': 'vianH_5w-MelYr4keYN6VQ', 'stars': 5}"
zZ01WQlcpI1_n806WKV3bA,BtvGrVebpZK6IisVKoq-cw,"{'review_id': 'WkQFJlmIiWW5icgDQLDX6w', 'stars': 4}"
zZ01WQlcpI1_n806WKV3bA,s679l45RlXujvW8YalSNoA,"{'review_id': 'yx5oYKNspg3rZP54z5ZVyw', 'stars': 3}"
zZ01WQlcpI1_n806WKV3bA,hRqYxBmpQd_-gA5f1o0eFw,"{'review_id': '9IYdDUxBZ4gbOrRMDErU-Q', 'stars': 3}"
zZ01WQlcpI1_n806WKV3bA,OX0L_WGAk8idIRRsEnKYTg,"{'review_id': 'woS-0i8q-DMTBzkzz6ydAQ', 'stars': 5}"
zZ01WQlcpI1_n806WKV3bA,5LR4rnnAF-8rgKhXDsfJIg,"{'review_id': '16fhvu8I5LeJyMTmSilOPw', 'stars': 4}"
zZ01WQlcpI1_n806WKV3bA,Y2uWKMwf74sQc2qWbHnNiw,"{'review_id': 'DfaVIvAIhWnXUNuxsv0sJw', 'stars': 2}"
zZ01WQlcpI1_n806WKV3bA,aLoxOiSkZ_kprKjN85wjRA,"{'review_id': 'n_PvCgmXYtM-ubM5UfDgyw', 'stars': 2}"
zZ01WQlcpI1_n806WKV3bA,iPVS2m_AeDpZItnA80DXTA,"{'review_id': 'mWPYZmnb9yxVv3VYtYp2fQ', 'stars': 5}"
zZ01WQlcpI1_n806WKV3bA,PlsAYyHw9-okNQSltPaGMA,"{'review_id': 'Ql7rvSwmCrRUdDFP1mgdvA', 'stars': 3}"
zZ01WQlcpI1_n806WKV3bA,J6gRzfFwLFuOshlJgZamBA,"{'review_id': 'xINN_9Z_X5hkXAClzjX2nA', 'stars': 1}"
zZ01WQlcpI1_n806WKV3bA,4f-bAgJX3iP2bBvG7g6QfQ,"{'review_id': 'bFKatpt1uwWGS6WW5L2iiA', 'stars': 5}"
zZ01WQlcpI1_n806WKV3bA,zYLKy3j4mxXnfLG3S9znlQ,"{'review_id': 'WT_VEpB0IpiFZFgtGDlOHA', 'stars': 4}"
zZ01WQlcpI1_n806WKV3bA,afPZfpeIVRM9rNuDvbskgg,"{'review_id': '9RXHqqvUvXnPStbcBuwOFg', 'stars': 5}"
zZ01WQlcpI1_n806WKV3bA,4MJiwt61QN9qngDiQvDVSg,"{'review_id': 'EQoKhsRphubysERLiX6QrQ', 'stars': 5}"
zZ01WQlcpI1_n806WKV3bA,0kA0_0nSZ6Q20N7tQlJhdg,"{'review_id': 'egO50X4XeISobM1oAHoU8A', 'stars': 2}"
zZ01WQlcpI1_n806WKV3bA,hfzJmqhfS6zXyTOpeydJDw,"{'review_id': '4iwvVMDjfm1ukNzFtioRSQ', 'stars': 3}"
zZ01WQlcpI1_n806WKV3bA,a9bVNBXkkXfa4DUd4S7yQQ,"{'review_id': '4Ng-ySSXWnRluW07k94ScQ', 'stars': 2}"
zZ01WQlcpI1_n806WKV3bA,Qz5BEh7zk5dmqtnz8DbH2w,"{'review_id': '-liI4BGDTNEFLfVfuvTGDg', 'stars': 2}"
zZ01WQlcpI1_n806WKV3bA,2puPZX4xSHgSisoBhPTRAw,"{'review_id': 'BmGGWLTehbO8c6OHYgdBDg', 'stars': 5}"
zZ01WQlcpI1_n806WKV3bA,Ex-7mCtqdAvu-WB6uRXjPg,"{'review_id': 'o8W_DBDU5Y8XybZiUcvokg', 'stars': 3}"
zZ01WQlcpI1_n806WKV3bA,C6ypP06WkILHYlgIJT4c3A,"{'review_id': 'Y8SQHDWfe1bieusw5fTM_Q', 'stars': 4}"
zZ01WQlcpI1_n806WKV3bA,61KGAeuB7Ke27tdNVxyZmg,"{'review_id': 'RUX5uB6F_QZlCU8JxT15Dw', 'stars': 5}"
zZ01WQlcpI1_n806WKV3bA,LSgwpCS9nrBbAwlGdmeM-A,"{'review_id': '-gPCL1XBy6pOGm6vkgfYWQ', 'stars': 2}"
zZ01WQlcpI1_n806WKV3bA,qwf2oDHgx58OJCGZOZjn_Q,"{'review_id': 'acMBp0DNdaBOCQiGK__GDw', 'stars': 3}"
zZ01WQlcpI1_n806WKV3bA,N742_5AL14UJs_aEZT0h4Q,"{'review_id': 'RnIMNP-gjP2jufaqBAeaPg', 'stars': 5}"
zZ01WQlcpI1_n806WKV3bA,BEvLEALy_cvPeXmQx2PoJg,"{'review_id': 'P0RMSqDJmiMDyRmql-07cA', 'stars': 1}"
zZ01WQlcpI1_n806WKV3bA,pVk9jIwORE4cqJ-FCwRLZQ,"{'review_id': 'dun7LHMqOL77_DyClMj3LA', 'stars': 3}"
zZ01WQlcpI1_n806WKV3bA,svRKiT5hvinUCMBwCtuX0g,"{'review_id': 'HSyYVAr9ggijcEAVHBsyhw', 'stars': 5}"
zZ01WQlcpI1_n806WKV3bA,9fhaBH9vZ-op-2gVL9kIIw,"{'review_id': 'YLe9U03DVk9awnLz3uSF_w', 'stars': 5}"
zZ01WQlcpI1_n806WKV3bA,8XeTv8Js_8um5Ht1Qnb0qw,"{'review_id': 'n3pOmdFvd_g62c3bZZxUmw', 'stars': 3}"
zZ01WQlcpI1_n806WKV3bA,d02G2KtxD9yWnPkfAAidgQ,"{'review_id': 'OcZQMzDD0xiTbt3tQISHqw', 'stars': 1}"
zZ01WQlcpI1_n806WKV3bA,XWV-eMdOobNKbMA2Ux67xQ,"{'review_id': 'qpaOXZOQeJBk0nTVCs7Odw', 'stars': 5}"
zZ01WQlcpI1_n806WKV3bA,6GAp4zUl_T4iivhLi8Mn3Q,"{'review_id': '43_Nl_anJ5ED5DO7FF8hUQ', 'stars': 3}"
zZ01WQlcpI1_n806WKV3bA,QluLsNqmhRoW1k_fZY58nQ,"{'review_id': 'kspyiuEjCWAi6JxJdX4NwQ', 'stars': 5}"
zZ01WQlcpI1_n806WKV3bA,7hQwnOmBbZFQnnGBHToqIQ,"{'review_id': 'ebPtLKDXrZSjuK6ZrL6VsQ', 'stars': 3}"
zZ01WQlcpI1_n806WKV3bA,ttlKFX9FNwACVV4_47JWog,"{'review_id': 'XJyqq9ggnTKVwzEoQbWatA', 'stars': 1}"
zZ01WQlcpI1_n806WKV3bA,EhVzqn6S55aT13-3Qy3GTg,"{'review_id': '1ph3dp34tO2hCgfUsZZKQg', 'stars': 5}"
zZ01WQlcpI1_n806WKV3bA,wcDb34cHJpOEYzZH33X61Q,"{'review_id': 'fxccvpcbYDVTKmd8282U1A', 'stars': 5}"
zZ01WQlcpI1_n806WKV3bA,U3u2bWg23bu2nrY0B5yl-Q,"{'review_id': 'l1oo-7UC16ciz5TYs_kDyA', 'stars': 3}"
zZ01WQlcpI1_n806WKV3bA,wZ-OTpmz5NA2FDZVLkEWSg,"{'review_id': 'c8qcApg4ZTSaXgH0dIAvFg', 'stars': 5}"
zZ01WQlcpI1_n806WKV3bA,c1hs2TLg22XHZyC7GwuebQ,"{'review_id': 'DCZgA5o2m641Tz1fHn4OYA', 'stars': 2}"
zZ01WQlcpI1_n806WKV3bA,uBd59oUsn8R52QMvMxsgPQ,"{'review_id': 'xiogpoA398XT-gBtKFz4MA', 'stars': 5}"
zZ01WQlcpI1_n806WKV3bA,T8UuyyhSgmBHhD3ME1nOTQ,"{'review_id': 'qEOjBaJdir4U086SpwTP3Q', 'stars': 5}"
zZ01WQlcpI1_n806WKV3bA,9KQSiJi6kWjZKh72hFCaVA,"{'review_id': 'nD3Ag9RRymsSLr7Vvv2Q4g', 'stars': 4}"
zZ01WQlcpI1_n806WKV3bA,-yH0VaSEDw7uel14bPaWFw,"{'review_id': '0iDP1TOy1jigXR8vz9h4HA', 'stars': 3}"
zZ01WQlcpI1_n806WKV3bA,p7bqK14Vs-6oC6azDOHFwA,"{'review_id': 'Fo5H25iow-Uts0_J9apK2g', 'stars': 4}"
zZ01WQlcpI1_n806WKV3bA,795Th83v9fQLQr0dA6oXlA,"{'review_id': '-Smtf3Kl28F67BanKPT5VQ', 'stars': 5}"
zZ01WQlcpI1_n806WKV3bA,k19_OBaUxzz71uJWa7ImNA,"{'review_id': 'zVMM5rTOxOWML5QSKdblaA', 'stars': 5}"
zZ01WQlcpI1_n806WKV3bA,1uW_8BwH5E1LlMzdnWiSCQ,"{'review_id': 'wnqhMB1d-lPfNmZQUwqs4g', 'stars': 5}"
zZ01WQlcpI1_n806WKV3bA,7cCUEF9vu2xsYUgI4qD7Cw,"{'review_id': 'lfiMI7PGhPh2VXsDLFKzGw', 'stars': 3}"
zZ01WQlcpI1_n806WKV3bA,lbWUx6ucpUThrBXmUzixeg,"{'review_id': 'YoaurmDsk3TWE8eqmELk8Q', 'stars': 2}"
zZ01WQlcpI1_n806WKV3bA,rp4ctJtEe8_TnG81B7VKPQ,"{'review_id': 'etQahpMRZPl8GWEHpwjSOA', 'stars': 5}"
zZ01WQlcpI1_n806WKV3bA,O_xaOuMFHTSVD29lrLFTuw,"{'review_id': 'IMADH401y7SlE6mGpzosTA', 'stars': 5}"
zZ01WQlcpI1_n806WKV3bA,07NPeAaxUV1FXhimYdB5sw,"{'review_id': 'NKFQskgj8zDeQ9Gh9ScDWw', 'stars': 5}"
zZ01WQlcpI1_n806WKV3bA,NadbsRBHmVctDkdZ5hcfuQ,"{'review_id': 'dbId-SbL6tEzO8DzhblK_g', 'stars': 5}"
zZ01WQlcpI1_n806WKV3bA,RFDYl2CXQjW7idpxAEXkJw,"{'review_id': 'gi0vUguGYzS3bt-wZ0KE9A', 'stars': 4}"
zZ01WQlcpI1_n806WKV3bA,nn_N7vvXiY5y9WLC3WmpSA,"{'review_id': 'apG6rD8teTjQjr2PgxHW_g', 'stars': 5}"
zZ01WQlcpI1_n806WKV3bA,WRf47pMfOPB24v5ytDc57w,"{'review_id': 'fiGQZgUMtczRhLWU4yskjA', 'stars': 4}"
zZ01WQlcpI1_n806WKV3bA,u84GcE7t2Pnr1C22bAh3ug,"{'review_id': 'z8NhrXMtGtDMAslFHiaJrw', 'stars': 5}"
zZ01WQlcpI1_n806WKV3bA,0yrF14nWVAFeI0fG29a63g,"{'review_id': 'Gp6TKUYfRBqpfacSd1EZSA', 'stars': 3}"
zZ01WQlcpI1_n806WKV3bA,NXDdGCtWGo4u2QltmBVVZQ,"{'review_id': 'D_AbH1xkDwmnJT8oQ22KKg', 'stars': 1}"
zZ01WQlcpI1_n806WKV3bA,LjO56-_loWRuq0RKZZD6bg,"{'review_id': 'SpQYUsgsSROU_5Rlp0bXHw', 'stars': 3}"
zZ01WQlcpI1_n806WKV3bA,YDqUkfluiW3oa-zBp4c5Ng,"{'review_id': 'nsvMwKXBgBgnRXk_bFZKHw', 'stars': 5}"
zZ01WQlcpI1_n806WKV3bA,xBaxRpo2s_DAXZ4EDXugIw,"{'review_id': 'wE0TexdROZVrrpk0BKo4GQ', 'stars': 5}"
zZ01WQlcpI1_n806WKV3bA,jeg59kKPJUCjOwnBWzWgHw,"{'review_id': 'R_51dj01V5KynrNl3r8Wvg', 'stars': 1}"
zZ01WQlcpI1_n806WKV3bA,Crl7HrLxzRlyFSjbtKbrVA,"{'review_id': 'b8ZCx0qdK9q4R7URs_lr0A', 'stars': 4}"
zZ01WQlcpI1_n806WKV3bA,CkzuPhGlqKGoM74aQMwlQA,"{'review_id': 'AFOYvrf6iy0o0XmP4_Rqlw', 'stars': 5}"
zZ01WQlcpI1_n806WKV3bA,mfFgFfW8RfKFRaO9w6ImLA,"{'review_id': 'q_GV_OiqNpt5EZQlEZEeGQ', 'stars': 5}"
zZ01WQlcpI1_n806WKV3bA,yCRBboG4OMeJ85yOPqb3IQ,"{'review_id': 'PpKNdzu-jJjm1D3aPrcY6g', 'stars': 3}"
zZ01WQlcpI1_n806WKV3bA,WgJnjyS0wFT3yqnkHpkBBA,"{'review_id': 'I4sAhOqkDJ7Ng5unW_NC4g', 'stars': 1}"
zZ01WQlcpI1_n806WKV3bA,QWIHK5vbS2Bo0joLPc1Nvg,"{'review_id': 'glefiZMGk4nUiLZow5RZeQ', 'stars': 1}"
zZ01WQlcpI1_n806WKV3bA,wQQrKCDvf5QX3uYASsDVGg,"{'review_id': 'RzD2pmFaAyMfs4l80FX33w', 'stars': 5}"
zZ01WQlcpI1_n806WKV3bA,p7xVTJMH4OJ2sRXdyl91_g,"{'review_id': 'QwQP9ansXcJNL5zXCWtT0A', 'stars': 4}"
zZ01WQlcpI1_n806WKV3bA,jpVn6d1pNKRFLT75UbnKxQ,"{'review_id': 'mwPOioMmPB86bmcUdvU9MQ', 'stars': 5}"
zZ01WQlcpI1_n806WKV3bA,mxjaLPwtShxoLyvwM-piKA,"{'review_id': 'n7ciA4M4iteNSdnmcCKYuQ', 'stars': 4}"
zZ01WQlcpI1_n806WKV3bA,KOB46Nji0jouL7C1jbzFFw,"{'review_id': 'FkGw6jU-sItLITzMWazU8Q', 'stars': 5}"
zZ01WQlcpI1_n806WKV3bA,R7NM7vIyUfSTXvMsw7jNTA,"{'review_id': 'qGvmnVvnG72KUzAyIQK9gQ', 'stars': 5}"
zZ01WQlcpI1_n806WKV3bA,Od4G9fxtcTYUllnRSnsKAw,"{'review_id': 'MWpzNbrxJAZWBBbUP0o_cw', 'stars': 5}"
zZ01WQlcpI1_n806WKV3bA,yJVol_3ZgQkOOC69LDFGhg,"{'review_id': '_kCiXpe2X7BXNeGuxXLj4A', 'stars': 3}"
zZ01WQlcpI1_n806WKV3bA,8msopWwZiThC0VYNVLsdGQ,"{'review_id': 'btHFlbA6t1SoYO8-hHYwag', 'stars': 5}"
zZ01WQlcpI1_n806WKV3bA,IAJvKCMBQHXS_l6ZVYtztQ,"{'review_id': 'iK_FaLkGAWrmaRchwWtZaA', 'stars': 5}"
zZ01WQlcpI1_n806WKV3bA,2JKAam9a9Mm2A-e6CTo5dQ,"{'review_id': 'Qml80tHXI4iXa2mA2J9M8A', 'stars': 2}"
zZ01WQlcpI1_n806WKV3bA,IsSAN8LbZDzAv8d5xfre5g,"{'review_id': 'n-1hGipefHRVAnxFzDuwjQ', 'stars': 5}"
zZ01WQlcpI1_n806WKV3bA,JggxPpxmvZ7fT4xtoyXjhw,"{'review_id': 'yvcb5eD1w3h5YK-ADSy0aA', 'stars': 5}"
zZ01WQlcpI1_n806WKV3bA,fb8Ak8_wW_h1JB4XZiQYoQ,"{'review_id': 'aW2-kfI7gVhKG4oOQoqBRw', 'stars': 5}"
zZ01WQlcpI1_n806WKV3bA,RSIXyRBJayF7NfrGDDJWXw,"{'review_id': 'nEjJSVq3nAjtDgJ0PhkwVA', 'stars': 5}"
zZ01WQlcpI1_n806WKV3bA,fabc-n2X0PBEd_OsZDmSWg,"{'review_id': 'X7o16oDzRRQWBkzGa8O8cQ', 'stars': 4}"
zZ01WQlcpI1_n806WKV3bA,uUdwaCuoyOmtDZjVu3Cfog,"{'review_id': 'nlLeujeCb8iQ1WNA2vTu8Q', 'stars': 5}"
zZ01WQlcpI1_n806WKV3bA,W04RUuzT-dPp7adcLXY--w,"{'review_id': 'qTOClxx6lT_cwz_fd1SCeQ', 'stars': 4}"
zZ01WQlcpI1_n806WKV3bA,PLOYtrCMUFPHQe2IbYAd5g,"{'review_id': 'hpEmkgL-ZWdfFBxktwh27Q', 'stars': 4}"
zZ01WQlcpI1_n806WKV3bA,yD478DtjoqRSEIvlk3jMTg,"{'review_id': 'e_sjCwTfmElbsSWsvbYbpQ', 'stars': 4}"
zZ01WQlcpI1_n806WKV3bA,sYEwdJEp61vU3uQVDepryQ,"{'review_id': 'g2P8FpaXGoHNLj1V4SobcA', 'stars': 5}"
zZ01WQlcpI1_n806WKV3bA,fg19inoXzEtUYQEcTwJ1Ww,"{'review_id': '9DSulmh5tY4r8HNgw1gaQw', 'stars': 4}"
zZ01WQlcpI1_n806WKV3bA,r-nsbhZYgrGcDL5u-hDBSw,"{'review_id': 'S3GKPholIYguRbgsPcnyKw', 'stars': 2}"
zZ01WQlcpI1_n806WKV3bA,F_WNnpU1zVgNBCKUDv_3ow,"{'review_id': 'D6jtsh2ykyceYPiqc7GuGw', 'stars': 5}"
zZ01WQlcpI1_n806WKV3bA,Bi5IkQG5fRZ7HBcCjmnYrg,"{'review_id': 'usKRZv3RITaU2eEVGGcxkQ', 'stars': 5}"
zZ01WQlcpI1_n806WKV3bA,yVNp02gvgGzL15VLw2S_1A,"{'review_id': 's_s85ma-wrw79HuR3Ni5eQ', 'stars': 5}"
zZ01WQlcpI1_n806WKV3bA,cDrw84cbfY-nG7mQZJLsxQ,"{'review_id': 'A8FS6yK7JlvV8czHoBN0kQ', 'stars': 5}"
zZ01WQlcpI1_n806WKV3bA,InV9WdSEn8_2gZkp0-kTXQ,"{'review_id': 'Xcn2F49ZXTcwIbHjmyFI2w', 'stars': 5}"
zZ01WQlcpI1_n806WKV3bA,J6xACVuHS8TTvaXWmAzH2w,"{'review_id': '7_XEYxxg_uSCGurxPY3hFQ', 'stars': 5}"
zZ01WQlcpI1_n806WKV3bA,qHRxES6ROQ2OJFQlLdUtww,"{'review_id': 'XvV5ouj928iz0y8JjHCoEg', 'stars': 5}"
zZ01WQlcpI1_n806WKV3bA,CF9bDyCtCOacm5iRAWIR0g,"{'review_id': '6cH6X1bOlV2IF--5Yq9idw', 'stars': 5}"
zZ01WQlcpI1_n806WKV3bA,ZGTzmEVeBVIq8dgRCVnZcw,"{'review_id': '7nlheVviQ_yoF6mDuB-rfQ', 'stars': 1}"
zZ01WQlcpI1_n806WKV3bA,-BjEBmOf2y3JEOTDBrhthA,"{'review_id': 'ZoakN6XXuhDzS9PY86iyiQ', 'stars': 4}"
zZ01WQlcpI1_n806WKV3bA,e-_IDKeylsV-iXc2cZIxIw,"{'review_id': '_IFrz20tewPaHjhEBcMKpw', 'stars': 5}"
zZ01WQlcpI1_n806WKV3bA,ogAGhIlVPktr5Pv8BC5lAQ,"{'review_id': 'IYx1MJp6USsFCVAS7fRV0Q', 'stars': 4}"
zZ01WQlcpI1_n806WKV3bA,1viszljzsa8W7VnYPuWosw,"{'review_id': 'Jm9V1vDJLZelUxeCtlmRgw', 'stars': 4}"
zZ01WQlcpI1_n806WKV3bA,FtNga5n67X1KpUDcXud30Q,"{'review_id': 'VmHDhr2iwF2CQ-G90kPZfA', 'stars': 5}"
