node,attributes
UCMSWPqzXjd7QHq7v8PJjQ,{'node_type': 'business'}
leMOR7VSm5z-0r60iJ90EA,{'node_type': 'user'}
YCDZfgCTE1qSby-NEVqyMg,{'node_type': 'user'}
1CYe3tlYmSZmQ88De5oy4A,{'node_type': 'user'}
fg_b694eTkILTY25e6hzYw,{'node_type': 'user'}
JjS8bo5WVtujV39N_RTuuA,{'node_type': 'user'}
fAR5rwcF6jOpZIHzzJCsGw,{'node_type': 'user'}
e1N-ogRFubZAon5nO27New,{'node_type': 'user'}
vpLH_-4HElvpfGBVtHaQrw,{'node_type': 'user'}
R-D_m0sHuc-RBV5d_4xNCw,{'node_type': 'user'}
dAcD50ahUie1XXM0RxQzWQ,{'node_type': 'user'}
XZc9pY8aMZTWF9zko2qF7Q,{'node_type': 'user'}
FM0DHU-t1Po22-zWlZMnaw,{'node_type': 'user'}
B534qw3uEzguScTyMe2Xvg,{'node_type': 'user'}
iZTdaplsGKBlH6hstY_yFg,{'node_type': 'user'}
IZdsyVJ0q-Xlr14yUhfR-w,{'node_type': 'user'}
nq5wPmGbrEyFIgyAELd34w,{'node_type': 'user'}
LY1fw6YZ6jgA8xcPVIZRPw,{'node_type': 'user'}
k43FsajY9k7NuSjceMm1jg,{'node_type': 'user'}
Sm9TrAoWxSS3Fb7rcH7tIg,{'node_type': 'user'}
sbL2EDQpgbkjXy-OvnxE2Q,{'node_type': 'user'}
mxYElacBOmx4d2cOAKSs2g,{'node_type': 'user'}
owRN91Bim4RBvd_Yj4DsLA,{'node_type': 'user'}
zbaY8nqiXFoAqqXjYSQjbQ,{'node_type': 'user'}
rqzcmK4ysvFA_sbgYaSmdg,{'node_type': 'user'}
Hg7mONHTGJJBAR2tiSkzPw,{'node_type': 'user'}
fPbkv1VU7G94hrfJE6kKDg,{'node_type': 'user'}
zNVNDhvrhNlzwiFwEpy9ew,{'node_type': 'user'}
daBm4YSXPzSi-ArR-Nr_Xw,{'node_type': 'user'}
egFTwidg9uVcM_90iRYMqQ,{'node_type': 'user'}
UYkr7SSyc6-J-9lrfRytTw,{'node_type': 'user'}
wNGVC7jLg8LAb1ragQYM2Q,{'node_type': 'user'}
9Y1YkloHk2MAE3hkwYdFKA,{'node_type': 'user'}
_LSt8ZGpTUsZAVYZqta7jA,{'node_type': 'user'}
pgUQjUl_2G5L9EreDzIjSw,{'node_type': 'user'}
w_VECoJjsfGUlUFFPjq9Rg,{'node_type': 'user'}
-4Q5n5AfHKU5GUDEJZwOtQ,{'node_type': 'user'}
n9KpCXZnIiZrPn3ug2FPPw,{'node_type': 'user'}
YY1WcJ14tHRlLx6NYNQVBg,{'node_type': 'user'}
Ld0BvBjyABEa7i-u8mNDDw,{'node_type': 'user'}
TW5Yda5zYcO4d4D6F34VoA,{'node_type': 'user'}
yrT50M03JWYMjpZhn7yldA,{'node_type': 'user'}
W75NJSMCF1p3zZ-HtXV10w,{'node_type': 'user'}
heFuQy6LkbO8aBI07UJZKQ,{'node_type': 'user'}
g8YIYOEeasBbwaR2RanSLA,{'node_type': 'user'}
de81U9sDtCDmGszxOOq0AQ,{'node_type': 'user'}
kNtMJMOCTuznaX-Mur4TQQ,{'node_type': 'user'}
KHtW4zXUzVGWhwStGAHn_w,{'node_type': 'user'}
qqxxzPmS9Q6W9yoZ9gzOrg,{'node_type': 'user'}
XDmE8qlypJQ0CMpqop5jMg,{'node_type': 'user'}
SVloZriOxU1Ig6RWOhZ2kA,{'node_type': 'user'}
cE1tt4X6yzEVkrD6d7KE5g,{'node_type': 'user'}
tW1WOkItxVyqXVitc4l7ag,{'node_type': 'user'}
tjsHoSYrXYthwX3mLwd-uw,{'node_type': 'user'}
TbmCrPDTAIpyHxUCjHFtkg,{'node_type': 'user'}
ta7P_6CF1y2PsJZu2chdeg,{'node_type': 'user'}
4PYfRKB2_shulKeN0RFUZg,{'node_type': 'user'}
Bm2UDqfo4s3t2GpZZ_GLNw,{'node_type': 'user'}
lLAifGVomWrO9yMSkBicNQ,{'node_type': 'user'}
pdK_oJAdoVmNenZQgsVnjg,{'node_type': 'user'}
JWDjBazAGYrQfkHYuyk5FA,{'node_type': 'user'}
yHFgRqm6vI-f6BFEd5IzTA,{'node_type': 'user'}
ZgXCViZ4_CN0rSmjGjPTvg,{'node_type': 'user'}
YbbEEBuYknqCZ7l2g6ekPQ,{'node_type': 'user'}
q67C3gg__MqZeCEbzmnryg,{'node_type': 'user'}
bFA2UN912Fg-giqf857R5Q,{'node_type': 'user'}
EFxucMR_bcz4f5kZb3Favg,{'node_type': 'user'}
VU-Gr_Y6391lscYDKAcETQ,{'node_type': 'user'}
yWpCItVaHwUmBOSYHwt1jQ,{'node_type': 'user'}
sIA4bsq1jibGtSM62zKR_A,{'node_type': 'user'}
yXdPN2pU2NrbZxgxvhYNtQ,{'node_type': 'user'}
Ux5FH2Ifi3iHJ6Meg23Kgw,{'node_type': 'user'}
6oVKRlgHs5tkeN5Ci0T8Qw,{'node_type': 'user'}
Zhl_-5aSrDHm90JSdaDJeA,{'node_type': 'user'}
ocipy3MDcprCMCHCrqrqAg,{'node_type': 'user'}
mPQzBU8Sj3lKq5t7RM7fdA,{'node_type': 'user'}
bFpcjLSL6SRE8soYL0RtnA,{'node_type': 'user'}
EmFqrcUCuJTD0Xb1ssV6uA,{'node_type': 'user'}
3MCgJN0fGnywZ-H0ks9xeA,{'node_type': 'user'}
a2DGFEIov1L7X9rKdVmN6A,{'node_type': 'user'}
fFhEhb16qI1Yz-pBKYFdXQ,{'node_type': 'user'}
7P0sPEe0gX84MhDZ3ukQOg,{'node_type': 'user'}
uGnJJZJxBOwE4S0Ksofkxw,{'node_type': 'user'}
ZG9pcWvyM09S5hDRZMF4yQ,{'node_type': 'user'}
UhN9RrW19vz7vFWgWVLn_w,{'node_type': 'user'}
nqbC-2X38Bb5I-RyFO1LMg,{'node_type': 'user'}
5L83EA5T56RZHp9nQrg13g,{'node_type': 'user'}
0SQvyIgOLGEd4jUHx6qnSw,{'node_type': 'user'}
DdQoHPbOjD61lC21m0mubw,{'node_type': 'user'}
C7dQiaeTjraiwSGts7zmmw,{'node_type': 'user'}
dkotr2acFa6cga2it2yRNw,{'node_type': 'user'}
JlZTL5DeVJ_huGl4h8-RZQ,{'node_type': 'user'}
RohcY-43I6jVFxm5A1uWXQ,{'node_type': 'user'}
LSa0gb-dKRtsc3Ru_lML6Q,{'node_type': 'user'}
f8NI0wFzvoo-AnZGYiwmxw,{'node_type': 'user'}
4VDWeuFD0f6jAeFlZa_UAA,{'node_type': 'user'}
FsvZpP9m3RG95EvjDE5JWQ,{'node_type': 'user'}
xUIrdHIAMQbYSf1Mgbbgsg,{'node_type': 'user'}
uAeVmm_x91cmFQzhzGVQvw,{'node_type': 'user'}
tZ9xJeOk9tH_pj_kCIrQFQ,{'node_type': 'user'}
VL2Js_d5cdQJKdFybUWCLw,{'node_type': 'user'}
iOwLHZq6rm19AKaBDXpTpQ,{'node_type': 'user'}
sEOrMVnG9PQY1DG60-iOGw,{'node_type': 'user'}
XQOfswKxp9wyxOMtd0nPWw,{'node_type': 'user'}
XOgogN2ZRhzzkZxdMPtDMA,{'node_type': 'user'}
BFiyCTmBtn4HjzC1o6zf7g,{'node_type': 'user'}
kxeBIcRrtG89cZ-D56jJkQ,{'node_type': 'user'}
Xf5hPJl9P4r9rRAy-NR46g,{'node_type': 'user'}
t8wymCwaOuCSIqol9n0B_Q,{'node_type': 'user'}
79FjW0-1vYG1UsbmpDrQTg,{'node_type': 'user'}
kWv_AKQaPpJEHrkVHP0_lg,{'node_type': 'user'}
tfiamrm-f-js7gB_4xlZtw,{'node_type': 'user'}
ofhKO2Wlmr7h5Q5qAUUf1w,{'node_type': 'user'}
aaudnDw5cD5sPSYvzLI-8g,{'node_type': 'user'}
10Y8gFbG7BcUwQ4P9q4zWw,{'node_type': 'user'}
xfImljhxN6NlONPD2rb_HA,{'node_type': 'user'}
g4G8UHHhRkuVj-ZzJ5MTtw,{'node_type': 'user'}
SfY5Y7t_UagRgNFFB_jkCw,{'node_type': 'user'}
04i8QlcT28rw3Yf37hba5Q,{'node_type': 'user'}
d69F8wnAyCQMWuYQTEFFUw,{'node_type': 'user'}
MD_Dh0YJ3-2uNzMt5NqJsg,{'node_type': 'user'}
0H_n0mdiBBCfFuLYibod_Q,{'node_type': 'user'}
g_UvMS8irByyP7h3KEmmxQ,{'node_type': 'user'}
-WcB-MUolRfvBmJ2lLU_cg,{'node_type': 'user'}
w0CNvIqdA2ZNgrpTd54rkA,{'node_type': 'user'}
jBNAm9Cz7ses4t99A71NEw,{'node_type': 'user'}
JJ28X953AXwBQ2IQl0w80Q,{'node_type': 'user'}
LAJ2wrfP1ZLCD_utHcmr_Q,{'node_type': 'user'}
WwYAXobA3XPR1FC-gnaX6g,{'node_type': 'user'}
d62C1WL-dcI9eE9xJBHn5Q,{'node_type': 'user'}
JBLWSXBTKFvJYYiM-FnCOQ,{'node_type': 'user'}
rIO_nkCSnWTjDpGbjfHt8w,{'node_type': 'user'}
jLL2q3ieCon689_uiasHJQ,{'node_type': 'user'}
xfRCH36DNtOq28C8JWiHNA,{'node_type': 'user'}
ocalYFm7FVIkmBu2vs-PNA,{'node_type': 'user'}
PluuoC0vKMq_159qjFiR-A,{'node_type': 'user'}
p_T-VFbmvtnSxnI5djUWig,{'node_type': 'user'}
8QXAB1vREcnwBybGl6kelQ,{'node_type': 'user'}
hTaBY4ObN-vTNgABea55wg,{'node_type': 'user'}
0MaXIP3k2V-zTB4YoZ2G5g,{'node_type': 'user'}
UqA28T4JXvnMLWHMlQNHOg,{'node_type': 'user'}
Bgv3CFS9yhIMJ12nD_VCxw,{'node_type': 'user'}
zQ-WKse2-NWKwqwu1oeJ9g,{'node_type': 'user'}
-6ULgMBfzqbgOPcE5PrRWQ,{'node_type': 'user'}
1LxdpsABpx588lVBOAFR7g,{'node_type': 'user'}
89Meij6Q45x8aVl9iN-GBQ,{'node_type': 'user'}
DwbGw2Azs-x9Udr0InjA8A,{'node_type': 'user'}
DgnO4AEfGL8of7O-39OFKQ,{'node_type': 'user'}
Z7PsT-nKB1NqCs_RBhtpiw,{'node_type': 'user'}
I2YvqVLZNx1q6fpu8O2Oog,{'node_type': 'user'}
g1Qpp-c6CoGpFy-KEByU6w,{'node_type': 'user'}
bGBxWBeJ7hw-BfLl_8t9kQ,{'node_type': 'user'}
lrYuUwrh83HnGaEO5EWYJg,{'node_type': 'user'}
M0j9mMg2vjwxrO9YU6z7Rw,{'node_type': 'user'}
AVSCM4exSFIN4mIj-fW-Jw,{'node_type': 'user'}
8C68BYnLPxBVRHkNhoCJsw,{'node_type': 'user'}
Ys_kEuS_EBAJB_NGlSA0fg,{'node_type': 'user'}
EnFRwa9xPq9QaE4jBjFhlw,{'node_type': 'user'}
WSx9-iYYyST_umny9sJBFg,{'node_type': 'business'}
Seag2bLW7vg7QndO7x5dbA,{'node_type': 'user'}
LOMxu4ODEDc_6ap1G5Kyhg,{'node_type': 'user'}
4zxUQlQc3phsqKIz-qCINQ,{'node_type': 'user'}
drycfOxgOgBBIPBXaWqRjg,{'node_type': 'user'}
Vr56-zoCCT2VUT8Oedqqzg,{'node_type': 'user'}
wdvScg_MH8F-PNfTNHJ1zA,{'node_type': 'user'}
hs2vc0xxGHsEmsY0zATABg,{'node_type': 'user'}
fva3jV0Y5HzkL5czj4W_jw,{'node_type': 'user'}
sKQvEQxXaDuVtGMMveY4xA,{'node_type': 'user'}
e5nZO3u2YkWOOIF8wxrO7Q,{'node_type': 'user'}
3KhKmO4usrQUEsrFOTA39Q,{'node_type': 'user'}
6_DNHSwbyIZsfrcIn2p1DQ,{'node_type': 'user'}
P6X2QhcrA9dPazCFGBe1ag,{'node_type': 'user'}
8U64CGIIvja11Lv1qqsTDQ,{'node_type': 'user'}
KTPLzCTAM7uTOAS_uVPcXg,{'node_type': 'user'}
PZeMu01uM5nBA12ShwG5jQ,{'node_type': 'user'}
dUbQiecMjzBw6m_8lauFBQ,{'node_type': 'user'}
6zheTZ_WT4Uq469qJANSug,{'node_type': 'user'}
_4srOlPBa24QcQntCgqhqA,{'node_type': 'user'}
_6j6uCisr8DNewdBlZKAdQ,{'node_type': 'user'}
2TvkaIVk1PlSWBXq1Q2dPQ,{'node_type': 'user'}
729ASTjOmyfiqVrkylYuTA,{'node_type': 'user'}
j6kwzQfSfr-Cz6j1-HG1Gg,{'node_type': 'user'}
JiOL8vptz1V5keQY2gPh_Q,{'node_type': 'user'}
9crKLRegfPxGw7t--P3JkQ,{'node_type': 'user'}
zxAM0cdIbZZYN-6gVQuntQ,{'node_type': 'user'}
zvQA2JCRk5QcjvO9bi9qzg,{'node_type': 'user'}
vTYUl9sMStmZERgW4fIWkQ,{'node_type': 'user'}
gaFjqM4Jt9Wg0vOEJlnOwg,{'node_type': 'user'}
qL0eXfyHFoSe5RrmdoqwnA,{'node_type': 'user'}
1Mg6dBktceR27KFx4zarKw,{'node_type': 'user'}
-tNhf6lp6UQ_ibBVYzXOHA,{'node_type': 'user'}
UMLpbksVrxmcEtv5mHaGcg,{'node_type': 'user'}
Wpncx6BVMTB6cHaIr6mDVQ,{'node_type': 'user'}
gbH5aRgS90ge5L8lEsl6KA,{'node_type': 'user'}
QvzTWds9O6-ntqAZU7HQeA,{'node_type': 'user'}
R7L6Fz8_SJuPJx3TqwzfTA,{'node_type': 'user'}
WenjfKjsIFhTXHCb5Nvutw,{'node_type': 'user'}
6QVhgVqKRZY1M1U8aQcRIA,{'node_type': 'user'}
x4IzQ_HBDUX_60IQ5K1VHw,{'node_type': 'user'}
yS7VdmQE-gVKNz_NW2K96A,{'node_type': 'user'}
o5DRm0XmpDiIf9h68hHhNA,{'node_type': 'user'}
qlZUcCNqnMb-AZi7Uu21rg,{'node_type': 'user'}
LWDJ2lqbAdqT88oUCsG4fA,{'node_type': 'user'}
-zu6-Y_DBQ6isEuHIcRUjg,{'node_type': 'user'}
f8UCqBQqWvEV-lG5-Sj8gg,{'node_type': 'user'}
Nq5bWAY6o7SIMVLp45En9Q,{'node_type': 'user'}
ti9ZHlZrxRg-FsCelbUaHw,{'node_type': 'user'}
6NxuLbbqCkDogzaOQ8_4-A,{'node_type': 'user'}
wIquJ2JnQjhCyqbnl9bOVw,{'node_type': 'user'}
Htv3V_YvVMZfU7hxplUtEg,{'node_type': 'user'}
_Eq9g6QAnPBVIc6McDS0qA,{'node_type': 'user'}
VArk3rqYeaHPoYfLcAY3Tg,{'node_type': 'user'}
1_YNigRfXPk2WTELUfucbg,{'node_type': 'user'}
T1RwPkYFRoq0SnrqhnB9yQ,{'node_type': 'user'}
itJq-oCureIBBrOqiONxBw,{'node_type': 'user'}
g4wUhpnSVKpPwNBTHHIWLA,{'node_type': 'user'}
9e6VDJWc_3zPm0X-6BHBHA,{'node_type': 'user'}
b3Xw9_dCSpayZQEgTG80_A,{'node_type': 'user'}
777WWXZrsU_NU77c2vMjfw,{'node_type': 'user'}
aA5oDnQkMGsIF-XYfexu2A,{'node_type': 'user'}
hYDW4shRvq9O4ajT-MIVgQ,{'node_type': 'user'}
lFlHN43su_mnU2-RuotVXA,{'node_type': 'user'}
Kju75fMfPvr-D3MjH2TKAg,{'node_type': 'user'}
bXL4Nw3eyuokqxegsCayDA,{'node_type': 'user'}
F3DEzjWVMGTOvb4OlsiKZQ,{'node_type': 'user'}
BEFvkCIta9_qWy7DYH7gpQ,{'node_type': 'user'}
VvvGAOIT8oV1_WKW4_G-aA,{'node_type': 'user'}
-aD5npJC9OblW7g591m_RA,{'node_type': 'user'}
EUJlkq8jMG8ikw1mBMqreA,{'node_type': 'user'}
zUXRLwcLDbLLJc2ndyhDbQ,{'node_type': 'user'}
AqpwgzdP0NI5LFxIJbYB_Q,{'node_type': 'user'}
HpCT2cMzIU9fRIO8enRnTg,{'node_type': 'user'}
IJN-45eOGi1gUihoYAc5jQ,{'node_type': 'user'}
2D1md81eobsLXiemi75dxQ,{'node_type': 'user'}
5O-mKboK7hK1YDc0W9MJJw,{'node_type': 'user'}
LRrPCCUG5pdkxik_qxkGBQ,{'node_type': 'user'}
-877Gi5QAGEZ_aPNPNYCug,{'node_type': 'user'}
mMJ5EPzkwAkI87bM7_RzNA,{'node_type': 'user'}
WYqqm1NpY6-VvEkAZhBumA,{'node_type': 'user'}
y5Hs0N7tG0-H6M_8FeGjfA,{'node_type': 'user'}
f5FIPDpwFzr8tGdasaUbSg,{'node_type': 'user'}
YbfGgky2ahvuaWhGsCB0HA,{'node_type': 'user'}
EJcaLAPeDbb5YwIPaaLmkg,{'node_type': 'user'}
3ebuJJKoB5dC5O7IdgA4aw,{'node_type': 'user'}
DnlAmZMPUmu62RtHHU5CJw,{'node_type': 'user'}
VLJkTbncllFi-DOWVVeOcQ,{'node_type': 'user'}
Wb5ETqtnQeQG7C4jAZGIYA,{'node_type': 'user'}
m2nZ51S_MGEUck-M9ZMXNw,{'node_type': 'user'}
YMSwZ7roLt1frPn4XitYUQ,{'node_type': 'user'}
sb3zO7uWR164lMqIOAkHXA,{'node_type': 'user'}
Vt22Z2jcrbQWFkT2OAbmjw,{'node_type': 'user'}
nUutFZUO-W2pnHGRKrLPTw,{'node_type': 'user'}
-7qUbOVWJp2NT3f_TNuIBA,{'node_type': 'user'}
BYCl08es0YHwgTA8c0os-w,{'node_type': 'user'}
M3PaHlwwTWeYMP1FecTuRA,{'node_type': 'user'}
kV4eLnU5fm-ieJCEeqNiIQ,{'node_type': 'user'}
KzLaocMJp9XiXmyYQL18Cw,{'node_type': 'user'}
kDBTf_z0-xVm7MfWZ8OVJg,{'node_type': 'user'}
wjF3QcTR0RKooLxYqB_m6g,{'node_type': 'user'}
Mn-MFyySgsl45503CBneGg,{'node_type': 'user'}
ZTkuKoOt2vp584A-8hDvBA,{'node_type': 'user'}
_T7ZInXEP0MxIqsQx0IhhQ,{'node_type': 'user'}
FqlgjXUR0BiOjjx48g15SQ,{'node_type': 'user'}
njUgJcn8ZN0BdZdNEswRwA,{'node_type': 'user'}
wCiiaq0vZfc8rCHqlR2Thg,{'node_type': 'user'}
wmeUXb1bUUuPrivR9VXSTw,{'node_type': 'user'}
LC0ZZPrG7cmw3b3ALT6DFA,{'node_type': 'user'}
mu1x1n3eZQ81C18NtMLqsQ,{'node_type': 'user'}
BXOnW8TdUHkAZqmvLHzqbg,{'node_type': 'user'}
0eTWacs28GUCPUY7MHzM1g,{'node_type': 'user'}
qjXEXo85EaT64DGTYfGrcA,{'node_type': 'user'}
MXNBDXNuLLok-xnHSzkV4Q,{'node_type': 'user'}
hgcu5iwb4doY3j0x9Q53nw,{'node_type': 'user'}
eqTvNNpxTWPpEoZSIGv6wQ,{'node_type': 'user'}
JS_SOtV773gwoM1lj9Wiaw,{'node_type': 'user'}
x8h92gFSIJJyfxwC3p3olg,{'node_type': 'user'}
mWsb9HvVOtXRzjwg4snA4g,{'node_type': 'user'}
jjW9ik6KdtpBC9EIdsIQgg,{'node_type': 'user'}
VTUxik1f0cSRGBsUa2rb-Q,{'node_type': 'user'}
j8feOxyJqlIJWOi8su2qzw,{'node_type': 'business'}
ABaDXhzUa0UFFB9YSrbGhQ,{'node_type': 'user'}
VGumDYt7FW-O3j7Lal4xGQ,{'node_type': 'user'}
tV46IhCfHbsx_af-pMupiw,{'node_type': 'business'}
GRXk1GLFZ0OSW2psh7KTZA,{'node_type': 'user'}
6Dwh99zbe_lhfOD4MiAM1g,{'node_type': 'user'}
ZRGKVkTkzdHfCmKi-u-1TA,{'node_type': 'user'}
QbXz91Z_07dyu3I8rGGthA,{'node_type': 'user'}
N7gW2W9-VeSqZIDV6GPn6Q,{'node_type': 'user'}
9z-iN6rkDhDOtxUcr4LoPA,{'node_type': 'user'}
NKi9TtKzLecOcQFr66hEaQ,{'node_type': 'user'}
GBc3fXVRiInpu_y7UJaTog,{'node_type': 'user'}
mE4IuD-e7y6HulN9NhMaQA,{'node_type': 'user'}
_PoQowlqJJWngFuw0yFWyw,{'node_type': 'user'}
Nw_qhJuPSsMmNrfU8mBWUw,{'node_type': 'user'}
Yd5O1ABcyU0RgkxvRrEbiQ,{'node_type': 'user'}
qlyJUC5o9fGYdDxXR5g5fA,{'node_type': 'user'}
NgKb-i4y5DDRzY3L2X3Y_A,{'node_type': 'user'}
SowFib5AkqcKtJnm1CmxJQ,{'node_type': 'user'}
nA87Ja4KOjXrNlcZm3kjtA,{'node_type': 'user'}
MZ8OlmbjGsE5ZSBGr7Ieww,{'node_type': 'user'}
aavZdB18R0w4hiau7c7B1A,{'node_type': 'user'}
b8WY7Gg1sNjTueGmWaNZCg,{'node_type': 'user'}
84oxd-CrUqWFEyft-VOviA,{'node_type': 'user'}
ifUNiLJXX1e2dmV2Fu21fw,{'node_type': 'user'}
pVgYCAD9SZPio1ekCaeWtQ,{'node_type': 'user'}
JujuxPWBrBPU4YXKzqBYRg,{'node_type': 'user'}
jWIB4yLwEEZSTybmzmU8ig,{'node_type': 'user'}
ChIiry_Sk8Ure_RTl8SFJA,{'node_type': 'user'}
nXatu8S5529DnKT5wESSeA,{'node_type': 'user'}
GtM4pC8vRGBEo_ZAutg2YQ,{'node_type': 'user'}
8XDFbq7FDoVHdG3TX2mmGw,{'node_type': 'user'}
ejAkVmcQR4KI-AX8lZ0MxQ,{'node_type': 'user'}
y7YLd8pQu-U0lYttMreGBw,{'node_type': 'user'}
y23Gu7vXURmv6mhr6C0pBQ,{'node_type': 'user'}
a567eRUZEIwiSh9v1_AJRg,{'node_type': 'user'}
y_iD1vf1eBjOemGXUfmKeg,{'node_type': 'user'}
KsaxLrJpGZ9Na5Sb19AjtA,{'node_type': 'user'}
2jDq1qdBpMexpsf0iDu_rg,{'node_type': 'user'}
mLtiSUEfk3UKhDEwUul_pA,{'node_type': 'user'}
qEERBUCbMJh4cHAvdNhbJw,{'node_type': 'user'}
MFH9CK5wuxg7SWZjOtDjEQ,{'node_type': 'user'}
HR3J-q-tkW13JFmqiQEAkA,{'node_type': 'user'}
olGvCbmJ21hERQxeIkqR7A,{'node_type': 'user'}
tvLtBs75gq2WAuRJTC_O6A,{'node_type': 'user'}
peBQYndSfgUPR96bNQsbHA,{'node_type': 'user'}
Em84gVlzqjF72hgtxnewug,{'node_type': 'user'}
ngd3IhC--vV7UJ7Upuw3Vw,{'node_type': 'user'}
Qaa2sxNfZyTUcmu2hpGTgw,{'node_type': 'user'}
QDmSqfuPxxctHTu1XAL55A,{'node_type': 'user'}
jA6GuTa6LndFxnij_Uf-YA,{'node_type': 'user'}
AB0yngmMaj8LiJ2f0ZUuKA,{'node_type': 'user'}
Sf3LjhLYMt5hwJzecerVwA,{'node_type': 'user'}
rXiA5oq4NH0NINJhTqtF4Q,{'node_type': 'user'}
wNMyx3hhJ2jQ5WwYzJhYqg,{'node_type': 'user'}
LdZq9XaPpXrLx3cfWSX7vg,{'node_type': 'user'}
QRDz8i2YiMgR2f6r-vGcew,{'node_type': 'user'}
hpn3YJAgClgBC9RCKG8png,{'node_type': 'user'}
HYdQcH7CC2iJ4NJcwe6AHg,{'node_type': 'user'}
vZqi6fcAbsMjXDUOPzgJtg,{'node_type': 'user'}
-wd41HcxuwQwZJRW9HoO1A,{'node_type': 'user'}
OyIZ-s8YBOfki-fJOwpI4w,{'node_type': 'user'}
jNnjUCXTzAl0jWsTC93s4g,{'node_type': 'user'}
1Ey4hTCGx1OxfgjtA6XUvg,{'node_type': 'user'}
yYvHIZd90_uys4NOwakTMg,{'node_type': 'user'}
zwY9CceUxbnh2yLjn7ZwCw,{'node_type': 'user'}
68uga8HvM89ptZJFkPTn8Q,{'node_type': 'user'}
DWdnvLW4Fqxi0gIM-WmIDA,{'node_type': 'user'}
lUAJwgzixbuQoqKkYXFZyA,{'node_type': 'user'}
gNtqyRbJCFOSxslPMoHjJA,{'node_type': 'user'}
Oa5u2Mh4HWu1FUxbaFRiIQ,{'node_type': 'user'}
z6wLiRdIEeA15__huN2HKw,{'node_type': 'user'}
zTxMfTxnxZ4gRdcTjGPLnw,{'node_type': 'user'}
QVV_UfXc8oYJjAtunesKRA,{'node_type': 'user'}
lhtDeG9NGafVwDO1IZX8qQ,{'node_type': 'user'}
L8HeeuO8JujnMhGdOVFn3w,{'node_type': 'user'}
ngyS2I7fD70lYtbHkrbcdg,{'node_type': 'user'}
PG7EEtP2RC-SfVQ3k_3ajQ,{'node_type': 'user'}
6_VZe6DEGjRwyKTJIQI3CQ,{'node_type': 'user'}
tKtSuc4aIdRzXCGNcbHJWg,{'node_type': 'user'}
Ulst5OrJXZPz_Cs9UXYOyQ,{'node_type': 'user'}
kS2m2nO-MFWgykPeAgTH7Q,{'node_type': 'user'}
QCd59iHBJTR12N5-64asNA,{'node_type': 'user'}
BkSl5xt3cbvlHKxPCKY7eQ,{'node_type': 'user'}
YV4uqnCVvdqZ0oZWoOm0jw,{'node_type': 'user'}
y8dqr-e8qKgOb3CXEnMPJg,{'node_type': 'user'}
H71_zKdRtG_29K6M-sh2gQ,{'node_type': 'user'}
JeSUBc5sO7yGCk_OpHxmNw,{'node_type': 'user'}
fBG3PzTgAJAPEVTO90yebA,{'node_type': 'user'}
WNIPPmBiXxrJ8ejuGSuAlQ,{'node_type': 'user'}
2MKtHnDEAVwKl0cOLU4uTA,{'node_type': 'user'}
tZxyUfCivXijEykSw3xg3A,{'node_type': 'user'}
_Xp7qtD8XXUWyINtIps4bg,{'node_type': 'user'}
7ha7zCGvwcYbYc6_dyq_-w,{'node_type': 'user'}
xfIwurvlYbbh3EhDzowS-Q,{'node_type': 'user'}
ei0LSmV9tlo8dLFne8v0CQ,{'node_type': 'user'}
rmjRmA4uNjLSsq_x9G1nfg,{'node_type': 'user'}
xfm6xJIuuDG6I3UMXLmzsg,{'node_type': 'user'}
tANcr45ZjMoZ0a2o_d70vA,{'node_type': 'user'}
PtIWr3v6xUVfeEynILE8Aw,{'node_type': 'user'}
i4GAomrj1oyAvv0aS9z5Kg,{'node_type': 'user'}
oWI2rSsR1YruJX8Mu13AKA,{'node_type': 'user'}
LZzDvgfpkd4nI3E4L9wF1w,{'node_type': 'business'}
GbLlxD7_IItl_pz1TAdPlQ,{'node_type': 'user'}
wj8XtPyuREj8_0GQz3LZ6w,{'node_type': 'business'}
8jHKsZujJj-JMOm_nRFbOA,{'node_type': 'user'}
VweXxII7bgiqFRfGISgVMA,{'node_type': 'user'}
Yrtw0lxwWvNTT7-ciOvUOg,{'node_type': 'user'}
hyeo7JQr5uLp-St1MibYAA,{'node_type': 'business'}
XZ93a0IHuM-1_YtI_SR73w,{'node_type': 'user'}
YELlwStpNGsV9pUibxCbdQ,{'node_type': 'user'}
p_7Xe8aP7jTkVMaAKTo7Sg,{'node_type': 'user'}
yx-RLod6s28m4JyZjDh7YQ,{'node_type': 'user'}
y9HcUtyG3N8eowqwHCf6zw,{'node_type': 'user'}
8wtslmC0aMr9Xk-6Ac395g,{'node_type': 'user'}
N1VivbaKIFa-SIJ8OPl3Ug,{'node_type': 'user'}
rRlJbC9INhJzIVJy3DXoTg,{'node_type': 'user'}
UL-TcesFIeFW0VeRLvhY8g,{'node_type': 'user'}
xQBqO0t_6tEstUWZ4LvWZQ,{'node_type': 'user'}
N8nlG4XpbAcB74jEWUVQlg,{'node_type': 'user'}
ch7ChFVrQUuA3eHkAMgVZw,{'node_type': 'user'}
jlsIcCCxm6rW3jaVwC99Ow,{'node_type': 'user'}
s8QwjzKTeQAolEJwP97kAQ,{'node_type': 'user'}
LtbvIBC2FIeckZOglYThXw,{'node_type': 'user'}
HYuHXUgCzwM7-Hfs_lgqfQ,{'node_type': 'user'}
53xkiOptOPdhQGersMTBpw,{'node_type': 'user'}
IRSqYn2H9fSe1BZ4FflMRg,{'node_type': 'user'}
4d43By249Njl7gD8PQi5_Q,{'node_type': 'user'}
rnWBnKfXjHXSfpItPJTRkw,{'node_type': 'user'}
_kD25UJMaDGYHbhOldbPrA,{'node_type': 'user'}
lHOzHVU423Y6B0Ma54vMmA,{'node_type': 'user'}
kWsjav1ztq2vrxxmyWqZEA,{'node_type': 'user'}
tSAii3TxjTrmOV1h0wnYqA,{'node_type': 'user'}
biciPqoEpiMrZudaISFAPg,{'node_type': 'user'}
7-GT2O29Ta3koKpowjRB8A,{'node_type': 'user'}
_vkP0x8r7xs3CIs3WROifA,{'node_type': 'user'}
leZsjZg66vCyNW9XavNihQ,{'node_type': 'user'}
4b8_y5Sazuk-PmW7VAoqTw,{'node_type': 'user'}
GPD-LaCDiQAEtEBcglArmA,{'node_type': 'user'}
mGPq1z86MWVWzjjdTwJxPw,{'node_type': 'user'}
tjtc2y41Ow9frEGeSv0oRQ,{'node_type': 'user'}
F5qTALVah6hHLcGAjDB0XQ,{'node_type': 'user'}
fDI7AXffuwVo-i2PwO-bnw,{'node_type': 'user'}
Kfmqce5sx3bMXeT561VFZg,{'node_type': 'user'}
dQnQzmX63wd89pwZSlglkA,{'node_type': 'user'}
i3j-CdX1e1GtES4rKoAREA,{'node_type': 'user'}
y-4UFiUxUpBddI_ZXh6pKw,{'node_type': 'user'}
VJT1WJScxt6VozKdBl_T0w,{'node_type': 'user'}
nPmIRQt7iPkopV4Rw192iA,{'node_type': 'user'}
-Ii-6rs706QgUVfDnVpP4g,{'node_type': 'user'}
szaVdg5_jXMAirrtmllYIA,{'node_type': 'user'}
-VD0wLkgY4chxTZFZgrKzA,{'node_type': 'user'}
O0Jlmxx8qD3WMefOpiQ-rA,{'node_type': 'user'}
MkVZkoP6mEbugQece4kfdQ,{'node_type': 'user'}
n0ZW1vJE7qHjcapqR66j-A,{'node_type': 'user'}
OqVdFVBoYC7qbnwrHr_QQg,{'node_type': 'user'}
kbfpED-6FURIsNlsAXqc2g,{'node_type': 'user'}
_n2wr_ltdDrRQ7PUj7Gliw,{'node_type': 'user'}
wJqAcLMgW06M1f7Rzj1NiA,{'node_type': 'user'}
jULiQf32GOzS096DKF-dpg,{'node_type': 'user'}
25Xo7-_27i91YxkM1lrHiA,{'node_type': 'user'}
y-ZVddg5sth_YNO26qdUbw,{'node_type': 'user'}
w_Mc3nmWyY1sfxTMEp4UHg,{'node_type': 'user'}
sbPvR1f7BEIfcQxUmtg90Q,{'node_type': 'user'}
NixKisHMELR9vX8jiFbONQ,{'node_type': 'user'}
MyGpAWDL4VswM6eP7dRYcw,{'node_type': 'user'}
qoGQZu56h0eDty2iWP2HPw,{'node_type': 'user'}
9ZX9_DKuModmgksJ91j9Gg,{'node_type': 'user'}
0UDw20_nqNM8f15-UuUkfg,{'node_type': 'user'}
84c__FzfoewLmecrLBz_fg,{'node_type': 'user'}
mVOCRnHC6GwMjiSeNfE_MQ,{'node_type': 'user'}
z_tqPytGQF_tDw_buHKJcw,{'node_type': 'user'}
Vi1t9orgfxlJCcqcvy7Jjw,{'node_type': 'user'}
KSb77cDx17YhbcO7-dNYdw,{'node_type': 'user'}
G5EcIuBHkZw21WAkZ_CSlg,{'node_type': 'user'}
C5t_e4JuCmNOinq6Y0554g,{'node_type': 'user'}
oRhadNRLAZRBSvk5u6gKhw,{'node_type': 'user'}
qKHEnb9fAFYWdNebtqXm-A,{'node_type': 'user'}
NcpacSDdRUVvmmH6sMWXAQ,{'node_type': 'user'}
ov_vV0q91kNwFG7koEhhbw,{'node_type': 'user'}
zWCT9orVKs0h-T6NBd0j7Q,{'node_type': 'user'}
5J5akoctu-c28miRgE1TlA,{'node_type': 'user'}
iB24VK3X2jso8AV0snxRTQ,{'node_type': 'user'}
z2D-Odsa681EBih3u9bfBA,{'node_type': 'user'}
LvvGpkL8XpqyZxR6FVLSUw,{'node_type': 'user'}
mM8G-Rzxhaf1CYWmOoMziQ,{'node_type': 'user'}
_LMlezFkSXydijwvMf9FRg,{'node_type': 'user'}
FlubjfIKUo2pM9B-VxccbA,{'node_type': 'user'}
CmDEtvAdrzqbViNzyShSGA,{'node_type': 'user'}
eU8oAVZQB7-SZFWFKc5YEA,{'node_type': 'user'}
Kl7uOQWLBCmQN3phUx9tWA,{'node_type': 'user'}
_fGju43E8HBbNbvRwT0JfQ,{'node_type': 'user'}
No2Zqb_yKsEbc3L_BxTukA,{'node_type': 'user'}
-1bBmIJHeBu8qs7ExxdYaQ,{'node_type': 'user'}
R7kfO5DPaHS8mw78hH2zEg,{'node_type': 'user'}
-BT7yKvo-CY0apW8xzNntg,{'node_type': 'user'}
sUxQgDzUDwD4Sh9Vo-L-ZQ,{'node_type': 'user'}
gD77j2yBJ_TNVjno-g7bXg,{'node_type': 'user'}
ai4O31_PNzDXg3G3ENfF_A,{'node_type': 'user'}
1r8LWhDxDBK0_dMqBVTXtw,{'node_type': 'user'}
Xfym7QfuwAktpcy1rm0S8w,{'node_type': 'user'}
sTkewPrMXQHnOVgtbU6I1w,{'node_type': 'user'}
ESoRiPxB9fXAR_faRgczBQ,{'node_type': 'user'}
XhprWtL2oBC8FLgeZQSY1A,{'node_type': 'user'}
nATWwNpLTTLaBgnnnBHHQQ,{'node_type': 'user'}
N0Q2RXIq8HtUaQlBUSSOhw,{'node_type': 'user'}
t_G4Fk8C5H_S7BxlNpxr0g,{'node_type': 'user'}
h-tdiniXt8ymH7HfdIJibw,{'node_type': 'user'}
A6X7x_LtRBtfxW8ka42qgQ,{'node_type': 'user'}
UB1VFbkIPpUn4xycvt6WeQ,{'node_type': 'user'}
15cO1NGSGFwIYXOjnWJ50A,{'node_type': 'user'}
doOTkUPMutPwo5iIXmxTQQ,{'node_type': 'user'}
nhGViLJE_hyqmSNQhPCpXQ,{'node_type': 'user'}
jwBj8UOZnlZzNrLAm349dw,{'node_type': 'user'}
8N-wlpnH575LFhidEEyFYQ,{'node_type': 'user'}
Mbf2cftCuXjhsmlaJYW4oQ,{'node_type': 'user'}
5WflZVX2YhmelSvsRf1FNg,{'node_type': 'user'}
-lg4J2SOILBJOxqH4S0x4g,{'node_type': 'user'}
92I3dW8ekUr8cBL-QoMX1Q,{'node_type': 'user'}
vmlWoqhPqvHqptwm286Rgw,{'node_type': 'user'}
y_nRpTpmsteDzhdGKLnXiw,{'node_type': 'user'}
yAPROUly_atBeYEaofC0-Q,{'node_type': 'user'}
5hEamqTvIy_C6yyS1jk1sw,{'node_type': 'user'}
Z4X91Cd3EUPBTR2Y6HI0gw,{'node_type': 'user'}
iW6rtDRzlD5vPgE4Jwaqbg,{'node_type': 'user'}
MSwbOmzr9gOlyO6OQAXF5A,{'node_type': 'user'}
NhNYQFaiaLvE9z4gNvgSmA,{'node_type': 'user'}
qxBqkNQ64nV-6vVe8Pf2XA,{'node_type': 'user'}
NYPIfniT6QMKyGPEf7IIHQ,{'node_type': 'user'}
bustNBFzpe8HgjQLvczQBQ,{'node_type': 'user'}
C6bWKOXwGf82-CG_VDV6mw,{'node_type': 'user'}
jljmtCLo2sLG7oxQjbKJ5A,{'node_type': 'user'}
8YoovyUHrMh2rc_tepgcUA,{'node_type': 'user'}
HEMiOqrEAvQXCYpqSp2WdQ,{'node_type': 'user'}
Zat8q5MtFjWb03XS7shkbw,{'node_type': 'user'}
aBwvGsNy1ow5fSPDRSKgIA,{'node_type': 'user'}
gZJ3bZBXS8pE8chOtV3Jiw,{'node_type': 'user'}
yULASktz2aoTZ5Mcj_tn9w,{'node_type': 'user'}
5vCMlkBEAYRJunPqUtc8Qg,{'node_type': 'user'}
t89l-cYilb3cd8S76cxSCQ,{'node_type': 'user'}
JiROwTNi7oaTCVX6qqFZfQ,{'node_type': 'user'}
6V0EcgKQ_OPMJIUvQOXp7g,{'node_type': 'user'}
D3huVI9NlDkOgybI241mfA,{'node_type': 'user'}
wUYjXF8M7z7GPvzjbTvR0g,{'node_type': 'user'}
LptaTb5ClLbfJydpOcu9yQ,{'node_type': 'user'}
DB5uuOamJ5N2RZ5ylqOFQw,{'node_type': 'user'}
s7L8OYFx3RqdVozN5_rdRA,{'node_type': 'user'}
f2S_7RqzSyozviwe7HvzRg,{'node_type': 'user'}
vN2wUfNTsb6VGrd8lQVuvw,{'node_type': 'user'}
PbVw4WfUIjrVrM22RGFIhg,{'node_type': 'user'}
OywI0OsfRz9bUix4rCCz9Q,{'node_type': 'user'}
jF387iAsN_zYVlrr8Xhleg,{'node_type': 'user'}
a_1AD6ACXLSHpztr1k_bTg,{'node_type': 'user'}
2mhoDagEK4jszEuOVaetnQ,{'node_type': 'user'}
hQQfk5THIxtEdpw7_8G7jw,{'node_type': 'user'}
WyumhT2h8kBMbWuqRvDsXw,{'node_type': 'user'}
-Cj0hSF8UKqCwG96BTiVgA,{'node_type': 'user'}
iTXlcw_wtdtVOrGrpCXaFw,{'node_type': 'user'}
tVktLf9cufrtMVt3lNueHw,{'node_type': 'user'}
dSQYUWxjYyRe1A4l7QFODg,{'node_type': 'user'}
Q9TkG8B6XqfnLCLo6mEcYA,{'node_type': 'user'}
Po7E4PyBwQlWk369J2i-nA,{'node_type': 'user'}
_q6Om1vMl5IP5cJEnWS6pQ,{'node_type': 'user'}
L801Iu7jYTqAQ0AHcMg3sQ,{'node_type': 'user'}
4BSImwUNIesuw8MRrzZ0uw,{'node_type': 'user'}
-5d96NJ1oD1aJuMOmKHOzw,{'node_type': 'user'}
mG8VhjyGOmq7O-6TorcbFA,{'node_type': 'user'}
nSRjFxowDIgxgvxS1VrEMQ,{'node_type': 'user'}
xBof16fwcfpySIVJrgScug,{'node_type': 'user'}
cBZkhWw2oSbipc2fh49gYw,{'node_type': 'user'}
3aahcqkOiMCYfCOA72Hdzw,{'node_type': 'user'}
WWAxinE_ZQ-XEQNcDmnXNw,{'node_type': 'user'}
gPvy-s9_MAhVoMQdq9j4lw,{'node_type': 'user'}
C3zVTrkDLyX5TDgllpJzGw,{'node_type': 'user'}
UZcgoDFCyr9OGKGCy4ViHA,{'node_type': 'user'}
CW1tQLNVw2Hz8Y6oLv9Ulg,{'node_type': 'user'}
jUG8EpeUAFB1W-Fqf_h17w,{'node_type': 'user'}
QA-RuNjKU6R2wbllkRWUaw,{'node_type': 'user'}
FvNlzDsVSpgVj-Y8Bha07w,{'node_type': 'user'}
bv00T6Bw4BQJXW01UomhsA,{'node_type': 'user'}
Mj5ubOoNScNf64b9bCvksg,{'node_type': 'user'}
zZiI7y_iM0WgOGpRBJx63w,{'node_type': 'user'}
nSlzT6Nz0wmbeTyTFlPynQ,{'node_type': 'user'}
mZQMZrmh_GrgvnVe1xtIbQ,{'node_type': 'user'}
8oAkiRaGrghWJB0qbbYw2g,{'node_type': 'user'}
NoLv_00Y6bWdODMS28kfxA,{'node_type': 'user'}
glv7NwPTYMEuq90lQhhnlw,{'node_type': 'user'}
4PbyEkR8CZJdgxg6CTGQUw,{'node_type': 'user'}
EtHLaxfHeBgtXs4ZU7uo9w,{'node_type': 'user'}
Cz8ms1eerp4Mg2_bABHIaQ,{'node_type': 'user'}
MxcI1dmZr1v7gRLrZSAMGA,{'node_type': 'user'}
12pzmTrcV3pXj0VWTnUdnQ,{'node_type': 'user'}
6nJRGKJpJs4n_losLXW3qw,{'node_type': 'user'}
XyD_NQoeZWFIjZ7F1Cvqlw,{'node_type': 'user'}
3YiDkaO5c4sqIxKbmb4jew,{'node_type': 'user'}
h-BXH0jTiDWGskz2RZtBLQ,{'node_type': 'user'}
bIePnmLIhUCnKug5Tnp9bw,{'node_type': 'user'}
zBBLjXFxQi6gVxfqRXg5-A,{'node_type': 'user'}
z28kakUfbuz8gifg5vyDtw,{'node_type': 'user'}
adjBo71BHGDfFOfjw6X-3g,{'node_type': 'user'}
uUhBozTHKrShhTIoVe0RxQ,{'node_type': 'user'}
KasdQe-bAR7TFk4gNQ0aNg,{'node_type': 'user'}
psAjVE1E1XEYyZ4yTfcdYA,{'node_type': 'user'}
_qks_jZFOKSQMaSyfJp0Vg,{'node_type': 'user'}
uwLjAI7oN0FlMe1uUEs3Gg,{'node_type': 'user'}
ku490pawR6Haw0F5n0iZoA,{'node_type': 'user'}
tMtMyryQBDWjm6P0zvBeXQ,{'node_type': 'user'}
n2eEBpSwPEoeflDiR-_7yQ,{'node_type': 'user'}
vqNb7C50w376F31OxWrc7w,{'node_type': 'user'}
K62ue01TpDBwjE-6g6WxgA,{'node_type': 'user'}
EYESvCr80Y1_VGqm0Xnnew,{'node_type': 'user'}
2Lza8xx2QQZeMAzanjPndQ,{'node_type': 'user'}
-qPeQ_cDRfCnU1qVjNcCOQ,{'node_type': 'user'}
v5oq1zofKk5g2MEyEQSVDQ,{'node_type': 'user'}
IQAv8t66dHK_owsr7WgFxA,{'node_type': 'user'}
rVONIZ9xbSCcN7W0qYwPQA,{'node_type': 'user'}
uiBi3V6n_zef4W3Y4qbudw,{'node_type': 'user'}
Q7mqQoyYgTVCN6ZL1yjJQA,{'node_type': 'user'}
QYdjUpa9N3N0J30d0siGKg,{'node_type': 'user'}
0UfiRGzn53T0WT0bnkh_cw,{'node_type': 'user'}
I3lGzM6gOVQ5tR-0xCKUmQ,{'node_type': 'user'}
bJ2Z2TXZWvZn6GGJQMz7Iw,{'node_type': 'user'}
RMAVbJ70mDYOL5JLtiUqUQ,{'node_type': 'user'}
TmQ8Y7B4DfMAJucfG9tvPg,{'node_type': 'user'}
MdYPaWRjeN2fPSzUK_OPOg,{'node_type': 'user'}
MGkkr8cZJDHThfsd8dhv1g,{'node_type': 'user'}
lsWuisEc8SzTMq0e6m_l8g,{'node_type': 'user'}
rqAWDVeRgBNleqaVaQdSPw,{'node_type': 'user'}
bN81Oze-pYE4kr8XQkz8zw,{'node_type': 'user'}
v8B3XH7qrIuayoKCHgTICQ,{'node_type': 'user'}
hj1ecQm65WLnmWCOmA2SwA,{'node_type': 'user'}
_CyyodbJIIqjJh0F8IzgHw,{'node_type': 'user'}
3Pp8S-cFyiKHghXUK2h9BQ,{'node_type': 'user'}
zhMsD9GYyGNqw2ir_hkD8A,{'node_type': 'user'}
dhnl6oWIwtO4CZnpCEoQNA,{'node_type': 'user'}
2AfCtgWkuKrV09g2f8KnIA,{'node_type': 'user'}
C7a-dUC-CQziOvvcGOBBiA,{'node_type': 'user'}
sz-6iY15Ukhcgc4CFJJ3xg,{'node_type': 'user'}
qi_v33sBPutpFRPsHlYDWw,{'node_type': 'user'}
7_ndnuzOJV6cI0meJYBUnQ,{'node_type': 'user'}
muxda1cSVtplETqTfYVgZA,{'node_type': 'business'}
jfeKSBBx3m-ssyrG8ppZGw,{'node_type': 'user'}
Rv8bW3pkzpi5dZu5ckbgtA,{'node_type': 'business'}
NRLZRwxMYDcySTsAM8FLXw,{'node_type': 'user'}
_oUaFDAwGdDNu6KJ-f47BQ,{'node_type': 'user'}
LjetKpooZhQjZPFmI5MqBg,{'node_type': 'user'}
MuY329kFTxsjFzk92UT4dg,{'node_type': 'user'}
5_j6mAsGVNcJmbmelC9KXA,{'node_type': 'user'}
dvu83QWKsnnbGvNVQ3mv7A,{'node_type': 'user'}
2XStC_THWHP0f7xCSFUEtg,{'node_type': 'user'}
dICvQFWYZ1WWxyf46CCJtA,{'node_type': 'user'}
hL7iJufg0m42xOvT3r_dgQ,{'node_type': 'user'}
0jJmuCUGCrs1s9UKpOw_OA,{'node_type': 'user'}
oAMOMdHnO4z5KsO67E8L2Q,{'node_type': 'user'}
AqBNpXElwesY8zwGXQ2xbA,{'node_type': 'user'}
0944lEj-4HjS8priVd385Q,{'node_type': 'user'}
nho1XjUu5NXEq1lQubMgMg,{'node_type': 'user'}
srfEK_-HRq6E-1XkS7NEyw,{'node_type': 'user'}
Sv8fbZ-VGg76X80narOPJA,{'node_type': 'user'}
tHcaA_yMJMb4HykDjvq9wA,{'node_type': 'user'}
7B5QRcrPKAATBAhBnK0SfA,{'node_type': 'user'}
_Xk7e0v8q6HPk1p1rToYHQ,{'node_type': 'user'}
C6WPWVFn1Ri5TRJWXVdIfg,{'node_type': 'user'}
SqF-hhrcTxIu2uXoKYHwcQ,{'node_type': 'user'}
r704w0Qy1YPdKVi7YxUSJw,{'node_type': 'user'}
peLS_wv-OPJUkRre4HgJZw,{'node_type': 'user'}
Gdg3-QmnM1croS72Cae6iA,{'node_type': 'user'}
QkIX2YsSQ65-p2IQdFx3eg,{'node_type': 'user'}
3v91_fzm8peA6gSprdAXIw,{'node_type': 'user'}
KtjY6g5K5oE3nb7HXDES6w,{'node_type': 'user'}
cvTBWEdeE5xgOGFuLmvgwQ,{'node_type': 'user'}
nt0Kl8ZH8rcLtIE7w_bftw,{'node_type': 'user'}
C01uft9vbD8ak5NRr12elA,{'node_type': 'user'}
MVtBne5YZBuXmGy5i3nr6Q,{'node_type': 'user'}
ULx_xnj_bq3sNSRB1IG1gw,{'node_type': 'user'}
B0fzg0eUWplNBzfSJsCFDg,{'node_type': 'user'}
KArFQk5lgQRCLhybG-_Gow,{'node_type': 'user'}
SZbB4QYIIk-vptz7MmHbuA,{'node_type': 'user'}
JTegUiKlmLNyTn0AdPSKbA,{'node_type': 'user'}
sH_FgFwbGkClUzAwOCgZXg,{'node_type': 'user'}
d_bBC6fG1hzK9oY222XOVw,{'node_type': 'user'}
O9dheoqF3dc3RdGwMTKndQ,{'node_type': 'user'}
ZPxj0I5yWI8BqJgtqNrFBA,{'node_type': 'user'}
BVTDUseQeiMvOnpSmULtZg,{'node_type': 'user'}
y7FFUW0imZfpR3ZEOHQ-0g,{'node_type': 'user'}
O8pmOUUPYKqzrRZbIEWatw,{'node_type': 'user'}
ClXXhAlP7LwA0yQNkY9ewQ,{'node_type': 'user'}
9cLyJWjfIc-xnWOmmHHt-Q,{'node_type': 'user'}
gf8gHQdYksmMXIJXd12e8A,{'node_type': 'user'}
kIDlywok_2Mjg38im_CMTA,{'node_type': 'user'}
Gw0eU3DATiFUnIlSpVy5mw,{'node_type': 'user'}
N1jGs175c_jA5WI79g1ArA,{'node_type': 'user'}
uEgSqzLxVPGbwpObip8JlA,{'node_type': 'user'}
H1bl3MtIWtrwqeGLFpqAuQ,{'node_type': 'user'}
jv2iS0J6ywbVy2VghByIDA,{'node_type': 'user'}
bvAiCtI7CAiZmkVL3kFoQw,{'node_type': 'user'}
mfa0JvT6o7x7A1QvO_qDXQ,{'node_type': 'user'}
6AdrZWeSlMFF0WbM7QweMw,{'node_type': 'user'}
ubPIvYWx8F75d1kZDyPUQw,{'node_type': 'user'}
pmAB3_SkUG-netiYT6cdcw,{'node_type': 'user'}
hSRuZ1J-a7fzOLS4NMbw8w,{'node_type': 'user'}
TdW0cBuTjpv1DHXiZble9w,{'node_type': 'user'}
VzmTYEALHCUeXmQCa0Pn_w,{'node_type': 'user'}
_y4ZgRWfbbbbj9NxcaxsKw,{'node_type': 'user'}
RFLqtMdMzA2xn9qnDAPHDw,{'node_type': 'user'}
CIlq8amfQf1xKgWsiF_utQ,{'node_type': 'user'}
dIXgEu6WIo5IuNCcWPL3NA,{'node_type': 'user'}
GhuOzh0hkECFsjEn76uX6Q,{'node_type': 'user'}
L_A-PA15qblApJnvAAavFw,{'node_type': 'user'}
hNLScKTsZT2S00xqzYWFWQ,{'node_type': 'user'}
Z8B9zomiS4SgcEveFXplWQ,{'node_type': 'user'}
Pvle-NfidDUnJwGccAWZlg,{'node_type': 'user'}
pW4LS2GxrU1nLzhl3Bn1jA,{'node_type': 'user'}
5BIhkthDtf7Gt2QUd61Zpg,{'node_type': 'user'}
s6fzF2pSnUebFyVhGjh_SQ,{'node_type': 'user'}
uYMtYsN1dW8uEI_5xmxZfg,{'node_type': 'user'}
oYVFYCsOjwL8_ozCLZfpcA,{'node_type': 'user'}
nLmiIk6EyO6pFTCb-Ly3Rg,{'node_type': 'user'}
_vUwz9CEkozy5IOvSFalWg,{'node_type': 'user'}
5ZvYX6zvTKWXq3GAAuZqyQ,{'node_type': 'user'}
XLICdv7WYvhxGU5hHnj60Q,{'node_type': 'user'}
FXIdAS8kV61dacBrP3MRmw,{'node_type': 'user'}
EapC6E-EK8QHJlPl_kOqcw,{'node_type': 'user'}
e1Au0t1HHaNE6VRWvLPOYg,{'node_type': 'user'}
ey_PLL6zUf-a4tRyd2JQQg,{'node_type': 'user'}
dmBP-m0PQyidYtXx2SKtoQ,{'node_type': 'user'}
0VKzk73u00KHzjDNPXrQkw,{'node_type': 'user'}
HwcSALgJvjiXEVswLFHvJg,{'node_type': 'user'}
fL_hQmjCv_Dy3psdjnn-Zg,{'node_type': 'user'}
gIHi4lcI0mYES8zHV94w1A,{'node_type': 'user'}
HADXlfT_gf-XgOoNLqVyBw,{'node_type': 'user'}
p1wk8e27Dl4rf1ljLn0sRQ,{'node_type': 'user'}
8pgQqEJV51ss4mlwd0xoqw,{'node_type': 'user'}
lWO0LeHZ1da5Iw2lRs4SHg,{'node_type': 'user'}
0PZuMhTKFx0-H5X0WcXhKQ,{'node_type': 'user'}
CwnMLEwolfs6w83bz758sA,{'node_type': 'user'}
ay4gq1_kPshFLW3e3FRjZQ,{'node_type': 'user'}
tlL0vJhwRnHz7RIeY0SXAg,{'node_type': 'user'}
6gd57_Thh6T7nFATQlliqg,{'node_type': 'user'}
Cy6HRako65rKCh09TqdP_A,{'node_type': 'user'}
-633u9KXCXn7HGEmqb_SGw,{'node_type': 'user'}
et4VvAK17LcE4Y5o3s1zxw,{'node_type': 'user'}
UC3P8aqDcB4qwnmp94b2KQ,{'node_type': 'user'}
VNZs9Ub13_doL4nXqiMRyA,{'node_type': 'user'}
OfxGLGjb0d4eHQeeFhxFjg,{'node_type': 'user'}
VL_K_LwlmHhqsoQpI0EWzg,{'node_type': 'user'}
KmFPTnej00k55LtLd6yMEQ,{'node_type': 'user'}
qzQKbWNiKHJTal3w9asq-g,{'node_type': 'user'}
TsuSXVUYLbXtMXzZyOXgUg,{'node_type': 'user'}
WN5Fg3y6QiVFvX5CTg_ILQ,{'node_type': 'user'}
wAzTnl-fdkiAPU75CJWJog,{'node_type': 'user'}
zZ01WQlcpI1_n806WKV3bA,{'node_type': 'business'}
rbcUz8-h4lbafyHhBxwdLA,{'node_type': 'user'}
BtvGrVebpZK6IisVKoq-cw,{'node_type': 'user'}
s679l45RlXujvW8YalSNoA,{'node_type': 'user'}
hRqYxBmpQd_-gA5f1o0eFw,{'node_type': 'user'}
OX0L_WGAk8idIRRsEnKYTg,{'node_type': 'user'}
5LR4rnnAF-8rgKhXDsfJIg,{'node_type': 'user'}
Y2uWKMwf74sQc2qWbHnNiw,{'node_type': 'user'}
aLoxOiSkZ_kprKjN85wjRA,{'node_type': 'user'}
iPVS2m_AeDpZItnA80DXTA,{'node_type': 'user'}
PlsAYyHw9-okNQSltPaGMA,{'node_type': 'user'}
J6gRzfFwLFuOshlJgZamBA,{'node_type': 'user'}
4f-bAgJX3iP2bBvG7g6QfQ,{'node_type': 'user'}
zYLKy3j4mxXnfLG3S9znlQ,{'node_type': 'user'}
afPZfpeIVRM9rNuDvbskgg,{'node_type': 'user'}
4MJiwt61QN9qngDiQvDVSg,{'node_type': 'user'}
0kA0_0nSZ6Q20N7tQlJhdg,{'node_type': 'user'}
hfzJmqhfS6zXyTOpeydJDw,{'node_type': 'user'}
a9bVNBXkkXfa4DUd4S7yQQ,{'node_type': 'user'}
Qz5BEh7zk5dmqtnz8DbH2w,{'node_type': 'user'}
2puPZX4xSHgSisoBhPTRAw,{'node_type': 'user'}
Ex-7mCtqdAvu-WB6uRXjPg,{'node_type': 'user'}
C6ypP06WkILHYlgIJT4c3A,{'node_type': 'user'}
61KGAeuB7Ke27tdNVxyZmg,{'node_type': 'user'}
LSgwpCS9nrBbAwlGdmeM-A,{'node_type': 'user'}
qwf2oDHgx58OJCGZOZjn_Q,{'node_type': 'user'}
N742_5AL14UJs_aEZT0h4Q,{'node_type': 'user'}
BEvLEALy_cvPeXmQx2PoJg,{'node_type': 'user'}
pVk9jIwORE4cqJ-FCwRLZQ,{'node_type': 'user'}
svRKiT5hvinUCMBwCtuX0g,{'node_type': 'user'}
9fhaBH9vZ-op-2gVL9kIIw,{'node_type': 'user'}
8XeTv8Js_8um5Ht1Qnb0qw,{'node_type': 'user'}
d02G2KtxD9yWnPkfAAidgQ,{'node_type': 'user'}
XWV-eMdOobNKbMA2Ux67xQ,{'node_type': 'user'}
6GAp4zUl_T4iivhLi8Mn3Q,{'node_type': 'user'}
QluLsNqmhRoW1k_fZY58nQ,{'node_type': 'user'}
7hQwnOmBbZFQnnGBHToqIQ,{'node_type': 'user'}
ttlKFX9FNwACVV4_47JWog,{'node_type': 'user'}
EhVzqn6S55aT13-3Qy3GTg,{'node_type': 'user'}
wcDb34cHJpOEYzZH33X61Q,{'node_type': 'user'}
U3u2bWg23bu2nrY0B5yl-Q,{'node_type': 'user'}
wZ-OTpmz5NA2FDZVLkEWSg,{'node_type': 'user'}
c1hs2TLg22XHZyC7GwuebQ,{'node_type': 'user'}
uBd59oUsn8R52QMvMxsgPQ,{'node_type': 'user'}
T8UuyyhSgmBHhD3ME1nOTQ,{'node_type': 'user'}
9KQSiJi6kWjZKh72hFCaVA,{'node_type': 'user'}
-yH0VaSEDw7uel14bPaWFw,{'node_type': 'user'}
p7bqK14Vs-6oC6azDOHFwA,{'node_type': 'user'}
795Th83v9fQLQr0dA6oXlA,{'node_type': 'user'}
k19_OBaUxzz71uJWa7ImNA,{'node_type': 'user'}
1uW_8BwH5E1LlMzdnWiSCQ,{'node_type': 'user'}
7cCUEF9vu2xsYUgI4qD7Cw,{'node_type': 'user'}
lbWUx6ucpUThrBXmUzixeg,{'node_type': 'user'}
rp4ctJtEe8_TnG81B7VKPQ,{'node_type': 'user'}
O_xaOuMFHTSVD29lrLFTuw,{'node_type': 'user'}
07NPeAaxUV1FXhimYdB5sw,{'node_type': 'user'}
NadbsRBHmVctDkdZ5hcfuQ,{'node_type': 'user'}
RFDYl2CXQjW7idpxAEXkJw,{'node_type': 'user'}
nn_N7vvXiY5y9WLC3WmpSA,{'node_type': 'user'}
WRf47pMfOPB24v5ytDc57w,{'node_type': 'user'}
u84GcE7t2Pnr1C22bAh3ug,{'node_type': 'user'}
0yrF14nWVAFeI0fG29a63g,{'node_type': 'user'}
NXDdGCtWGo4u2QltmBVVZQ,{'node_type': 'user'}
LjO56-_loWRuq0RKZZD6bg,{'node_type': 'user'}
YDqUkfluiW3oa-zBp4c5Ng,{'node_type': 'user'}
xBaxRpo2s_DAXZ4EDXugIw,{'node_type': 'user'}
jeg59kKPJUCjOwnBWzWgHw,{'node_type': 'user'}
Crl7HrLxzRlyFSjbtKbrVA,{'node_type': 'user'}
CkzuPhGlqKGoM74aQMwlQA,{'node_type': 'user'}
mfFgFfW8RfKFRaO9w6ImLA,{'node_type': 'user'}
yCRBboG4OMeJ85yOPqb3IQ,{'node_type': 'user'}
WgJnjyS0wFT3yqnkHpkBBA,{'node_type': 'user'}
QWIHK5vbS2Bo0joLPc1Nvg,{'node_type': 'user'}
wQQrKCDvf5QX3uYASsDVGg,{'node_type': 'user'}
p7xVTJMH4OJ2sRXdyl91_g,{'node_type': 'user'}
jpVn6d1pNKRFLT75UbnKxQ,{'node_type': 'user'}
mxjaLPwtShxoLyvwM-piKA,{'node_type': 'user'}
KOB46Nji0jouL7C1jbzFFw,{'node_type': 'user'}
R7NM7vIyUfSTXvMsw7jNTA,{'node_type': 'user'}
Od4G9fxtcTYUllnRSnsKAw,{'node_type': 'user'}
yJVol_3ZgQkOOC69LDFGhg,{'node_type': 'user'}
8msopWwZiThC0VYNVLsdGQ,{'node_type': 'user'}
IAJvKCMBQHXS_l6ZVYtztQ,{'node_type': 'user'}
2JKAam9a9Mm2A-e6CTo5dQ,{'node_type': 'user'}
IsSAN8LbZDzAv8d5xfre5g,{'node_type': 'user'}
JggxPpxmvZ7fT4xtoyXjhw,{'node_type': 'user'}
fb8Ak8_wW_h1JB4XZiQYoQ,{'node_type': 'user'}
RSIXyRBJayF7NfrGDDJWXw,{'node_type': 'user'}
fabc-n2X0PBEd_OsZDmSWg,{'node_type': 'user'}
uUdwaCuoyOmtDZjVu3Cfog,{'node_type': 'user'}
W04RUuzT-dPp7adcLXY--w,{'node_type': 'user'}
PLOYtrCMUFPHQe2IbYAd5g,{'node_type': 'user'}
yD478DtjoqRSEIvlk3jMTg,{'node_type': 'user'}
sYEwdJEp61vU3uQVDepryQ,{'node_type': 'user'}
fg19inoXzEtUYQEcTwJ1Ww,{'node_type': 'user'}
r-nsbhZYgrGcDL5u-hDBSw,{'node_type': 'user'}
F_WNnpU1zVgNBCKUDv_3ow,{'node_type': 'user'}
Bi5IkQG5fRZ7HBcCjmnYrg,{'node_type': 'user'}
yVNp02gvgGzL15VLw2S_1A,{'node_type': 'user'}
cDrw84cbfY-nG7mQZJLsxQ,{'node_type': 'user'}
InV9WdSEn8_2gZkp0-kTXQ,{'node_type': 'user'}
J6xACVuHS8TTvaXWmAzH2w,{'node_type': 'user'}
qHRxES6ROQ2OJFQlLdUtww,{'node_type': 'user'}
CF9bDyCtCOacm5iRAWIR0g,{'node_type': 'user'}
ZGTzmEVeBVIq8dgRCVnZcw,{'node_type': 'user'}
-BjEBmOf2y3JEOTDBrhthA,{'node_type': 'user'}
e-_IDKeylsV-iXc2cZIxIw,{'node_type': 'user'}
ogAGhIlVPktr5Pv8BC5lAQ,{'node_type': 'user'}
1viszljzsa8W7VnYPuWosw,{'node_type': 'user'}
FtNga5n67X1KpUDcXud30Q,{'node_type': 'user'}
5,{'node_type': 'stars'}
1,{'node_type': 'stars'}
3,{'node_type': 'stars'}
4,{'node_type': 'stars'}
2,{'node_type': 'stars'}
